,id,country,country_3,city,longitude,latitude,cohort,role
0,0sahene,Ghana,GHA,Tamale,-0.8423986,9.4051992,5,participant
1,0x174,United States,USA,Boston,-71.060511,42.3554334,3,participant
2,4iro,Argentina,ARG,Buenos Aires,-58.4370894,-34.6075682,7,participant
3,4iro,Argentina,ARG,Buenos Aires,-58.4370894,-34.6075682,8,mentor
4,aath0,Switzerland,CHE,,,,1,expert
5,aath0,Switzerland,CHE,,,,2,expert
6,abdulelahsm,Saudi Arabia,SAU,Dammam,50.1039991,26.4367824,3,participant
7,abraham-dabengwa,South Africa,ZAF,Johannesburg,28.049722,-26.205,5,participant
8,abretaud,France,FRA,Rennes,-1.6800198,48.1113387,4,mentor
9,acocac,United Kingdom,GBR,London,-0.14405508452768728,51.4893335,4,participant
10,acocac,United Kingdom,GBR,London,-0.14405508452768728,51.4893335,5,mentor
11,adam-gristwood,Germany,DEU,Heidelberg,8.694724,49.4093582,3,expert
12,afzal442,India,IND,,,,3,participant
13,agbeltran,United Kingdom,GBR,,,,2,expert
14,agossoubido2021,Benin,BEN,Abomey Calavi,2.3303076367454025,6.51096225,5,participant
15,ahoyi,Nigeria,NGA,,,,7,speaker
16,aida-turing,United Kingdom,GBR,London,-0.14405508452768728,51.4893335,3,participant
17,aidanbudd,Germany,DEU,Heidelberg,8.694724,49.4093582,1,expert
18,aidanbudd,Germany,DEU,Heidelberg,8.694724,49.4093582,1,mentor
19,aidanbudd,Germany,DEU,Heidelberg,8.694724,49.4093582,2,expert
20,aidanbudd,Germany,DEU,Heidelberg,8.694724,49.4093582,2,mentor
21,aidanbudd,Germany,DEU,Heidelberg,8.694724,49.4093582,3,expert
22,ailís-o'carroll,Ireland,IRL,,,,7,mentor
23,ajstewartlang,United Kingdom,GBR,Manchester,-2.2451148,53.4794892,1,expert
24,ajstewartlang,United Kingdom,GBR,Manchester,-2.2451148,53.4794892,1,mentor
25,ajstewartlang,United Kingdom,GBR,Manchester,-2.2451148,53.4794892,1,speaker
26,ajstewartlang,United Kingdom,GBR,Manchester,-2.2451148,53.4794892,2,expert
27,ajstewartlang,United Kingdom,GBR,Manchester,-2.2451148,53.4794892,2,mentor
28,ajstewartlang,United Kingdom,GBR,Manchester,-2.2451148,53.4794892,2,speaker
29,ajstewartlang,United Kingdom,GBR,Manchester,-2.2451148,53.4794892,4,expert
30,ajstewartlang,United Kingdom,GBR,Manchester,-2.2451148,53.4794892,5,speaker
31,akalikadien,Netherlands,NLD,Delft,4.362724538543995,51.999457199999995,5,participant
32,aldenc,United Kingdom,GBR,London,-0.14405508452768728,51.4893335,6,participant
33,alecandian,Netherlands,NLD,,,,5,participant
34,alecandian,Netherlands,NLD,,,,6,expert
35,alecandian,Netherlands,NLD,,,,6,mentor
36,aleesteele,United Kingdom,GBR,London,-0.14405508452768728,51.4893335,5,participant
37,aleesteele,United Kingdom,GBR,London,-0.14405508452768728,51.4893335,6,expert
38,aleesteele,United Kingdom,GBR,London,-0.14405508452768728,51.4893335,6,mentor
39,alettes,South Africa,ZAF,Makhanda Grahamstown,26.496243,-33.2885486,8,participant
40,alex-mendonça,Brazil,BRA,,,,5,speaker
41,alexholinski,United Kingdom,GBR,,,,3,expert
42,alexholinski,United Kingdom,GBR,,,,3,speaker
43,alexholinski,United Kingdom,GBR,,,,4,expert
44,alexholinski,United Kingdom,GBR,,,,4,mentor
45,alexholinski,United Kingdom,GBR,,,,5,expert
46,alexwlchan,United Kingdom,GBR,,,,1,speaker
47,alexwlchan,United Kingdom,GBR,,,,2,expert
48,alexwlchan,United Kingdom,GBR,,,,2,speaker
49,alexwlchan,United Kingdom,GBR,,,,3,expert
50,alexwlchan,United Kingdom,GBR,,,,4,expert
51,alexwlchan,United Kingdom,GBR,,,,4,speaker
52,alexwlchan,United Kingdom,GBR,,,,5,expert
53,alexwlchan,United Kingdom,GBR,,,,6,speaker
54,alexwlchan,United Kingdom,GBR,,,,8,expert
55,aliaslaurel,Argentina,ARG,Córdoba,-4.7760138,37.8845813,6,expert
56,alihumayun,United Kingdom,GBR,London,-0.14405508452768728,51.4893335,3,participant
57,alihumayun,United Kingdom,GBR,London,-0.14405508452768728,51.4893335,4,participant
58,amangoel185,United Kingdom,GBR,Manchester,-2.2451148,53.4794892,6,participant
59,amangoel185,United Kingdom,GBR,Manchester,-2.2451148,53.4794892,7,facilitator
60,amber-koert,Netherlands,NLD,Amsterdam,4.8924534,52.3730796,8,participant
61,amchagas,United Kingdom,GBR,,,,3,speaker
62,amchagas,United Kingdom,GBR,,,,7,speaker
63,anafinovas,Hungary,HUN,Budapest,19.14609412691246,47.48138955,7,participant
64,anayan321,Thailand,THA,Bangkok,100.6224463,13.8245796,1,participant
65,anayan321,Thailand,THA,Bangkok,100.6224463,13.8245796,4,expert
66,andre-vargas-de,Bolivia,,Cochabamba,-66.1568983,-17.3936114,5,participant
67,andreasancheztapia,Colombia,COL,"Merced, CA",-120.7678602,37.1641544,6,expert
68,andreasancheztapia,Colombia,COL,"Merced, CA",-120.7678602,37.1641544,6,mentor
69,andreasancheztapia,Colombia,COL,"Merced, CA",-120.7678602,37.1641544,6,mentor
70,andreasancheztapia,Colombia,COL,"Merced, CA",-120.7678602,37.1641544,7,mentor
71,andreasancheztapia,Colombia,COL,"Merced, CA",-120.7678602,37.1641544,7,speaker
72,andreea-avramescu,United Kingdom,GBR,Manchester,-2.2451148,53.4794892,4,participant
73,andrés-felipe-ortiz-ferreira,,,,,,7,participant
74,anelda,South Africa,ZAF,Overberg,5.4964645,52.0390484,2,mentor
75,anelda,South Africa,ZAF,Overberg,5.4964645,52.0390484,3,mentor
76,anelda,South Africa,ZAF,Overberg,5.4964645,52.0390484,3,speaker
77,anelda,South Africa,ZAF,Overberg,5.4964645,52.0390484,5,speaker
78,anelda,South Africa,ZAF,Overberg,5.4964645,52.0390484,6,participant
79,anenadic,United Kingdom,GBR,Manchester,-2.2451148,53.4794892,1,expert
80,anenadic,United Kingdom,GBR,Manchester,-2.2451148,53.4794892,2,expert
81,anenadic,United Kingdom,GBR,Manchester,-2.2451148,53.4794892,2,speaker
82,anenadic,United Kingdom,GBR,Manchester,-2.2451148,53.4794892,3,expert
83,angelicamaineri,Netherlands,NLD,,,,7,participant
84,angelicamaineri,Netherlands,NLD,,,,8,expert
85,anita-broellochs,United States,USA,,,,1,speaker
86,anita-broellochs,United States,USA,,,,2,expert
87,anita-broellochs,United States,USA,,,,2,mentor
88,anjali-mazumder,United Kingdom,GBR,,,,2,mentor
89,annakrystalli,United Kingdom,GBR,Sheffield,-1.4702278,53.3806626,1,expert
90,annakrystalli,United Kingdom,GBR,Sheffield,-1.4702278,53.3806626,3,expert
91,annakrystalli,United Kingdom,GBR,Sheffield,-1.4702278,53.3806626,3,mentor
92,annalee-sekulic,United States,USA,Columbus,-83.0007065,39.9622601,3,participant
93,annambiller,Germany,DEU,Munich,11.5753822,48.1371079,7,participant
94,anneclinio,Brazil,BRA,,,,1,expert
95,annefou,Norway,NOR,Oslo,10.7389701,59.9133301,4,expert
96,annefou,Norway,NOR,Oslo,10.7389701,59.9133301,4,mentor
97,annefou,Norway,NOR,Oslo,10.7389701,59.9133301,5,mentor
98,annemtreasure,South Africa,ZAF,Cape Town,18.417396,-33.928992,5,expert
99,annemtreasure,South Africa,ZAF,Cape Town,18.417396,-33.928992,5,mentor
100,annemtreasure,South Africa,ZAF,Cape Town,18.417396,-33.928992,6,mentor
101,anproulx,Canada,CAN,,,,2,participant
102,anshika-sah,India,IND,New Delhi,77.2090057,28.6138954,3,participant
103,antonioggsousa,Portugal,PRT,Oeiras,-9.271300382407272,38.7124971,3,participant
104,antonis-koutsoumpis,Netherlands,NLD,Amsterdam,4.8924534,52.3730796,8,participant
105,arentkievits,Netherlands,NLD,Delft,4.362724538543995,51.999457199999995,4,participant
106,ariana-bethany-subroyen,,,,,,6,participant
107,arianna-cortesi,Brazil,BRA,Rio De Janeiro,-43.2093727,-22.9110137,7,participant
108,ariannazuanazzi,United States,USA,New York City,-74.0060152,40.7127281,8,participant
109,arielle-bennett,United Kingdom,GBR,Stevenage,-0.2027155,51.9016663,2,expert
110,arielle-bennett,United Kingdom,GBR,Stevenage,-0.2027155,51.9016663,2,mentor
111,arielle-bennett,United Kingdom,GBR,Stevenage,-0.2027155,51.9016663,3,expert
112,arielle-bennett,United Kingdom,GBR,Stevenage,-0.2027155,51.9016663,4,expert
113,arielle-bennett,United Kingdom,GBR,Stevenage,-0.2027155,51.9016663,4,mentor
114,arielle-bennett,United Kingdom,GBR,Stevenage,-0.2027155,51.9016663,5,mentor
115,arielle-bennett,United Kingdom,GBR,Stevenage,-0.2027155,51.9016663,6,expert
116,arielle-bennett,United Kingdom,GBR,Stevenage,-0.2027155,51.9016663,6,mentor
117,arielle-bennett,United Kingdom,GBR,Stevenage,-0.2027155,51.9016663,7,mentor
118,arielle-bennett,United Kingdom,GBR,Stevenage,-0.2027155,51.9016663,8,facilitator
119,arielle-bennett,United Kingdom,GBR,Stevenage,-0.2027155,51.9016663,8,mentor
120,arvinpreet-kaur,India,IND,,,,3,participant
121,ashutosh-tiwari,India,IND,"Bilaspur, Chhattisgarh",82.1476475,22.0785627,3,participant
122,astroakanksha24,India,IND,,,,5,participant
123,augustincaitlin,United States,USA,Orlando,-81.3790304,28.5421109,4,participant
124,aurigandrea,,,,,,5,participant
125,ayeshadunk,United Kingdom,GBR,London,-0.14405508452768728,51.4893335,5,participant
126,aymd23,Nigeria,NGA,Ibadan,3.8972497,7.3777462,7,participant
127,b14-rsa,South Africa,ZAF,Johannesburg,28.049722,-26.205,5,participant
128,babari-a-babari-michelle-freddia,Cameroon,CMR,Yaoundé,11.5213344,3.8689867,7,participant
129,babasaraki,Nigeria,NGA,Bauchi,10.0287754,10.6228284,2,speaker
130,babasaraki,Nigeria,NGA,Bauchi,10.0287754,10.6228284,5,participant
131,babasaraki,Nigeria,NGA,Bauchi,10.0287754,10.6228284,6,participant
132,bailey-harrington,United States,USA,,,,2,participant
133,bakary-n'tji diallo,Mali,MLI,,,,2,participant
134,banshee1221,South Africa,ZAF,,,,2,participant
135,batoolmm,Saudi Arabia,SAU,Liverpool,-2.99168,53.4071991,3,participant
136,batoolmm,Saudi Arabia,SAU,Liverpool,-2.99168,53.4071991,4,facilitator
137,batoolmm,Saudi Arabia,SAU,Liverpool,-2.99168,53.4071991,4,participant
138,batoolmm,Saudi Arabia,SAU,Liverpool,-2.99168,53.4071991,4,speaker
139,batoolmm,Saudi Arabia,SAU,Liverpool,-2.99168,53.4071991,5,facilitator
140,batoolmm,Saudi Arabia,SAU,Liverpool,-2.99168,53.4071991,5,mentor
141,batoolmm,Saudi Arabia,SAU,Liverpool,-2.99168,53.4071991,6,expert
142,batoolmm,Saudi Arabia,SAU,Liverpool,-2.99168,53.4071991,6,facilitator
143,batoolmm,Saudi Arabia,SAU,Liverpool,-2.99168,53.4071991,6,mentor
144,batoolmm,Saudi Arabia,SAU,Liverpool,-2.99168,53.4071991,7,mentor
145,batoolmm,Saudi Arabia,SAU,Liverpool,-2.99168,53.4071991,7,speaker
146,bbartholdy,Netherlands,NLD,,,,8,mentor
147,bduckles,United States,USA,"Portland, Oregon",-122.674194,45.5202471,1,speaker
148,bduckles,United States,USA,"Portland, Oregon",-122.674194,45.5202471,2,expert
149,bduckles,United States,USA,"Portland, Oregon",-122.674194,45.5202471,3,expert
150,bduckles,United States,USA,"Portland, Oregon",-122.674194,45.5202471,3,mentor
151,bduckles,United States,USA,"Portland, Oregon",-122.674194,45.5202471,4,expert
152,bduckles,United States,USA,"Portland, Oregon",-122.674194,45.5202471,4,mentor
153,beapdk,Canada,CAN,,,,2,participant
154,beatrizserrano,Germany,DEU,Freiburg,7.8494005,47.9960901,2,participant
155,beatrizserrano,Germany,DEU,Freiburg,7.8494005,47.9960901,3,expert
156,beatrizserrano,Germany,DEU,Freiburg,7.8494005,47.9960901,5,mentor
157,beatrizserrano,Germany,DEU,Freiburg,7.8494005,47.9960901,7,participant
158,bebatut,France,FRA,Clermont-Ferrand,3.0819427,45.7774551,1,organizer
159,bebatut,France,FRA,Clermont-Ferrand,3.0819427,45.7774551,1,speaker
160,bebatut,France,FRA,Clermont-Ferrand,3.0819427,45.7774551,2,expert
161,bebatut,France,FRA,Clermont-Ferrand,3.0819427,45.7774551,2,organizer
162,bebatut,France,FRA,Clermont-Ferrand,3.0819427,45.7774551,2,speaker
163,bebatut,France,FRA,Clermont-Ferrand,3.0819427,45.7774551,3,expert
164,bebatut,France,FRA,Clermont-Ferrand,3.0819427,45.7774551,3,organizer
165,bebatut,France,FRA,Clermont-Ferrand,3.0819427,45.7774551,3,mentor
166,bebatut,France,FRA,Clermont-Ferrand,3.0819427,45.7774551,3,mentor
167,bebatut,France,FRA,Clermont-Ferrand,3.0819427,45.7774551,3,mentor
168,bebatut,France,FRA,Clermont-Ferrand,3.0819427,45.7774551,3,mentor
169,bebatut,France,FRA,Clermont-Ferrand,3.0819427,45.7774551,3,speaker
170,bebatut,France,FRA,Clermont-Ferrand,3.0819427,45.7774551,4,expert
171,bebatut,France,FRA,Clermont-Ferrand,3.0819427,45.7774551,4,organizer
172,bebatut,France,FRA,Clermont-Ferrand,3.0819427,45.7774551,4,mentor
173,bebatut,France,FRA,Clermont-Ferrand,3.0819427,45.7774551,4,speaker
174,bebatut,France,FRA,Clermont-Ferrand,3.0819427,45.7774551,4,speaker
175,bebatut,France,FRA,Clermont-Ferrand,3.0819427,45.7774551,5,organizer
176,bebatut,France,FRA,Clermont-Ferrand,3.0819427,45.7774551,6,organizer
177,bebatut,France,FRA,Clermont-Ferrand,3.0819427,45.7774551,7,organizer
178,bebatut,France,FRA,Clermont-Ferrand,3.0819427,45.7774551,7,speaker
179,bebatut,France,FRA,Clermont-Ferrand,3.0819427,45.7774551,7,speaker
180,bebatut,France,FRA,Clermont-Ferrand,3.0819427,45.7774551,8,organizer
181,bebatut,France,FRA,Clermont-Ferrand,3.0819427,45.7774551,8,speaker
182,bebatut,France,FRA,Clermont-Ferrand,3.0819427,45.7774551,8,speaker
183,bebatut,France,FRA,Clermont-Ferrand,3.0819427,45.7774551,catalyst,organizer
184,bebatut,France,FRA,Clermont-Ferrand,3.0819427,45.7774551,dra,organizer
185,benkrikler,United Kingdom,GBR,,,,2,speaker
186,bethaniley,United Kingdom,GBR,"Belfast, Northern Ireland",-5.9301829,54.596391,6,speaker
187,bethaniley,United Kingdom,GBR,"Belfast, Northern Ireland",-5.9301829,54.596391,8,mentor
188,bgruening,Germany,DEU,,,,1,expert
189,bgruening,Germany,DEU,,,,1,mentor
190,bgruening,Germany,DEU,,,,2,expert
191,bhuvanameenakshik,India,IND,,,,1,expert
192,billbrod,United States,USA,,,,1,participant
193,billbrod,United States,USA,,,,7,mentor
194,birgül-çolak-al,Turkey,TUR,Istanbul,29.052495,41.0766019,5,participant
195,biscuitnapper,,,,,,4,participant
196,bisola15,Nigeria,NGA,Yaba,-2.8848131505798653,12.811960299999999,7,participant
197,bobbwang,Netherlands,NLD,Amsterdam,4.8924534,52.3730796,8,participant
198,bobbwang,Netherlands,NLD,Amsterdam,4.8924534,52.3730796,8,participant
199,boi-kone,Mali,MLI,,,,2,participant
200,bonetcarne,Spain,ESP,,,,1,participant
201,booktrackergirl,United Kingdom,GBR,Exeter,-3.5269497,50.7255794,7,participant
202,brainonsilicon,United Kingdom,GBR,,,,2,participant
203,brainonsilicon,United Kingdom,GBR,,,,6,participant
204,bresearcher101,,,,,,6,participant
205,bresearcher101,,,,,,7,mentor
206,bruno-soares,Brazil,BRA,Rio De Janeiro,-43.2093727,-22.9110137,1,participant
207,bruno-soares,Brazil,BRA,Rio De Janeiro,-43.2093727,-22.9110137,2,mentor
208,bruno-soares,Brazil,BRA,Rio De Janeiro,-43.2093727,-22.9110137,3,mentor
209,bruno-soares,Brazil,BRA,Rio De Janeiro,-43.2093727,-22.9110137,4,expert
210,bruno-soares,Brazil,BRA,Rio De Janeiro,-43.2093727,-22.9110137,4,mentor
211,bsolodzi,Ghana,GHA,"Ashaiman, Zenu",-0.0499836,5.7121199,7,participant
212,burceelbasan,Germany,DEU,,,,4,participant
213,burceelbasan,Germany,DEU,,,,5,mentor
214,burkemlou,Australia,AUS,Brisbane,-122.402794,37.687165,2,expert
215,burkemlou,Australia,AUS,Brisbane,-122.402794,37.687165,2,speaker
216,burkemlou,Australia,AUS,Brisbane,-122.402794,37.687165,3,expert
217,burkemlou,Australia,AUS,Brisbane,-122.402794,37.687165,3,mentor
218,c-martinez,Netherlands,NLD,Amsterdam,4.8924534,52.3730796,3,expert
219,c-martinez,Netherlands,NLD,Amsterdam,4.8924534,52.3730796,3,speaker
220,callummole,United Kingdom,GBR,London,-0.14405508452768728,51.4893335,4,participant
221,callummole,United Kingdom,GBR,London,-0.14405508452768728,51.4893335,5,participant
222,camachoreina,France,FRA,Paris,2.3200410217200766,48.8588897,3,participant
223,camachoreina,France,FRA,Paris,2.3200410217200766,48.8588897,4,expert
224,camila-gómez,Bolivia,,Cochabamba,-66.1568983,-17.3936114,5,participant
225,carmel-carne,South Africa,ZAF,Cape Town,18.417396,-33.928992,7,participant
226,carol-o'brien,Denmark,DNK,,,,7,participant
227,carogiraldo,Colombia,COL,Bogota,-74.0835643,4.6529539,7,participant
228,carogiraldo,Colombia,COL,Bogota,-74.0835643,4.6529539,8,expert
229,cassgvp,United Kingdom,GBR,Oxford,-1.2578499,51.7520131,1,participant
230,cassgvp,United Kingdom,GBR,Oxford,-1.2578499,51.7520131,2,expert
231,cassgvp,United Kingdom,GBR,Oxford,-1.2578499,51.7520131,5,expert
232,cassmurph,Ireland,IRL,,,,6,participant
233,cassmurph,Ireland,IRL,,,,7,facilitator
234,cbolibaugh,United Kingdom,GBR,York,-1.0743052444639218,53.96565785,4,participant
235,cel31,Spain,ESP,Barcelona,2.1774322,41.3828939,5,participant
236,cemonks,Australia,AUS,Perth,-3.4286805,56.3958186,3,participant
237,cemonks,Australia,AUS,Perth,-3.4286805,56.3958186,4,mentor
238,cgentemann,United States,USA,Santa Rosa,-122.7141049,38.4404925,6,expert
239,chadsansing,United States,USA,,,,4,speaker
240,chadsansing,United States,USA,,,,5,speaker
241,chadsansing,United States,USA,,,,6,speaker
242,chartgerink,Germany,DEU,,,,catalyst,speaker
243,chartgerink,Germany,DEU,,,,dra,speaker
244,chiara-damiani,,,,,,3,participant
245,chiarabertipaglia,United States,USA,,,,1,participant
246,chiarabertipaglia,United States,USA,,,,2,expert
247,christina-ambrosi,Switzerland,CHE,,,,2,participant
248,christinerogers,Canada,CAN,Montreal,-73.5698065,45.5031824,1,participant
249,christinerogers,Canada,CAN,Montreal,-73.5698065,45.5031824,2,expert
250,christinerogers,Canada,CAN,Montreal,-73.5698065,45.5031824,2,speaker
251,christinerogers,Canada,CAN,Montreal,-73.5698065,45.5031824,3,expert
252,chucklesongithub,Argentina,ARG,Buenos Aires,-58.4370894,-34.6075682,4,participant
253,chukaogbo,Nigeria,NGA,"Abeokuta, Ogun State.",3.3467344,7.1547129,7,participant
254,cibele-zolnier-sousa-do-nascimento,Brazil,BRA,Curitiba,-49.2712724,-25.4295963,8,participant
255,cl379,Spain,ESP,Barcelona,2.1774322,41.3828939,3,participant
256,cl379,Spain,ESP,Barcelona,2.1774322,41.3828939,5,participant
257,claudiamig,Italy,ITA,Roma,12.4829321,41.8933203,7,participant
258,codito22,Peru,PER,Lima,-77.0365256,-12.0621065,5,participant
259,complexbrains,Canada,CAN,Montreal,-73.5698065,45.5031824,5,participant
260,complexbrains,Canada,CAN,Montreal,-73.5698065,45.5031824,6,facilitator
261,complexbrains,Canada,CAN,Montreal,-73.5698065,45.5031824,7,mentor
262,contraexemplo,Brazil,BRA,,,,4,speaker
263,contraexemplo,Brazil,BRA,,,,6,speaker
264,coopersmout,Australia,AUS,Brisbane,-122.402794,37.687165,2,participant
265,coopersmout,Australia,AUS,Brisbane,-122.402794,37.687165,4,expert
266,crangelsmith,United Kingdom,GBR,,,,2,participant
267,da5nsy,United States,USA,Washington Dc,-77.0365427,38.8950368,2,participant
268,da5nsy,United States,USA,Washington Dc,-77.0365427,38.8950368,3,expert
269,da5nsy,United States,USA,Washington Dc,-77.0365427,38.8950368,4,facilitator
270,dadditolu,United Kingdom,GBR,Glasgow,-4.2501687,55.861155,3,participant
271,dadditolu,United Kingdom,GBR,Glasgow,-4.2501687,55.861155,6,mentor
272,danae-carelis-davila-espinoza,Bolivia,,,,,5,participant
273,daniel-kochin,United Kingdom,GBR,Oxford,-1.2578499,51.7520131,7,participant
274,dannycolin,Canada,CAN,,,,1,participant
275,danwchan,,,New York City,-74.0060152,40.7127281,7,participant
276,darwin-diaz,Peru,PER,Lima,-77.0365256,-12.0621065,5,participant
277,dasaderi,United States,USA,,,,1,expert
278,dasaderi,United States,USA,,,,1,mentor
279,dasaderi,United States,USA,,,,2,expert
280,dasaptaerwin,India,IND,,,,6,speaker
281,david-selassie-opoku,Germany,DEU,Berlin,13.3888599,52.5170365,4,expert
282,davidbeavan,United Kingdom,GBR,,,,2,participant
283,davidviryachen,Japan,JPN,,,,1,participant
284,dbrisaro,Argentina,ARG,Carapachay,-58.5358156,-34.5265799,8,participant
285,deepakunni3,Switzerland,CHE,Basel,7.5878261,47.5581077,5,expert
286,deepakunni3,Switzerland,CHE,Basel,7.5878261,47.5581077,5,mentor
287,deepakunni3,Switzerland,CHE,Basel,7.5878261,47.5581077,6,expert
288,delphine-l,United States,USA,Raleigh,-78.6390989,35.7803977,2,mentor
289,delphine-l,United States,USA,Raleigh,-78.6390989,35.7803977,4,expert
290,delphine-l,United States,USA,Raleigh,-78.6390989,35.7803977,4,mentor
291,demellina,United Kingdom,GBR,London,-0.14405508452768728,51.4893335,1,expert
292,demellina,United Kingdom,GBR,London,-0.14405508452768728,51.4893335,1,speaker
293,demellina,United Kingdom,GBR,London,-0.14405508452768728,51.4893335,2,expert
294,demellina,United Kingdom,GBR,London,-0.14405508452768728,51.4893335,3,expert
295,dexwel,Nigeria,NGA,Ogbomoso,4.25,8.133,8,participant
296,diana-pilvar,Estonia,EST,Tartu,26.72245,58.3801207,7,participant
297,diana-pilvar,Estonia,EST,Tartu,26.72245,58.3801207,8,expert
298,diana-pilvar,Estonia,EST,Tartu,26.72245,58.3801207,8,mentor
299,diana-pilvar,Estonia,EST,Tartu,26.72245,58.3801207,catalyst,speaker
300,diana-pilvar,Estonia,EST,Tartu,26.72245,58.3801207,dra,speaker
301,dianakaran,Kenya,KEN,Kilifi,39.67507159193717,-3.15073925,8,participant
302,didik-utomo,Indonesia,IDN,Malang,112.6340291,-7.9771206,3,participant
303,diegoonna,Argentina,ARG,"Ciudad Autonoma De Buenos Aires , Argentina",-58.4370894,-34.6075682,4,participant
304,diegoonna,Argentina,ARG,"Ciudad Autonoma De Buenos Aires , Argentina",-58.4370894,-34.6075682,5,mentor
305,diegoonna,Argentina,ARG,"Ciudad Autonoma De Buenos Aires , Argentina",-58.4370894,-34.6075682,6,mentor
306,diegoonna,Argentina,ARG,"Ciudad Autonoma De Buenos Aires , Argentina",-58.4370894,-34.6075682,7,mentor
307,diegoonna,Argentina,ARG,"Ciudad Autonoma De Buenos Aires , Argentina",-58.4370894,-34.6075682,8,mentor
308,dimmestp,United Kingdom,GBR,Edinburgh,-3.1883749,55.9533456,3,mentor
309,dimmestp,United Kingdom,GBR,Edinburgh,-3.1883749,55.9533456,4,expert
310,dimmestp,United Kingdom,GBR,Edinburgh,-3.1883749,55.9533456,4,mentor
311,dimmestp,United Kingdom,GBR,Edinburgh,-3.1883749,55.9533456,6,expert
312,dingaaling,United Kingdom,GBR,London,-0.14405508452768728,51.4893335,6,participant
313,dlebauer,United States,USA,,,,1,participant
314,doaamkader,Egypt,EGY,Obour City,31.465685617766244,30.2288224,7,participant
315,dozie-onunkwo,Nigeria,NGA,Umuahia,7.4924165,5.5324032,8,participant
316,dsarahstamps,United States,USA,,,,5,speaker
317,dudova,Czechia,CZE,Brno,16.6113382,49.1922443,3,participant
318,duerrsimon,Switzerland,CHE,Lausanne,6.6327025,46.5218269,3,participant
319,duerrsimon,Switzerland,CHE,Lausanne,6.6327025,46.5218269,4,expert
320,dustin-schetters,Netherlands,NLD,,,,8,participant
321,dylan-bastiaans,Switzerland,CHE,,,,2,participant
322,ealescak,United States,USA,Anchorage,-149.1107333,61.1758781,3,expert
323,ealescak,United States,USA,Anchorage,-149.1107333,61.1758781,3,mentor
324,ealescak,United States,USA,Anchorage,-149.1107333,61.1758781,4,expert
325,ealescak,United States,USA,Anchorage,-149.1107333,61.1758781,4,mentor
326,ecsalomon,United States,USA,"Chicago, Il",-87.6244212,41.8755616,4,participant
327,eduardacenteno,Netherlands,NLD,Amsterdam,4.8924534,52.3730796,8,participant
328,eirini-zormpa,United Kingdom,GBR,,,,6,participant
329,eirinibotsari,Netherlands,NLD,Dem Haag,4.2696802205364515,52.07494555,5,participant
330,ekariuki-sleepy,,,,,,7,speaker
331,ekaroune,United Kingdom,GBR,Portsmouth,-1.0906023,50.800031,2,participant
332,ekaroune,United Kingdom,GBR,Portsmouth,-1.0906023,50.800031,3,expert
333,ekaroune,United Kingdom,GBR,Portsmouth,-1.0906023,50.800031,3,mentor
334,ekaroune,United Kingdom,GBR,Portsmouth,-1.0906023,50.800031,4,expert
335,ekaroune,United Kingdom,GBR,Portsmouth,-1.0906023,50.800031,4,facilitator
336,ekaroune,United Kingdom,GBR,Portsmouth,-1.0906023,50.800031,4,mentor
337,ekaroune,United Kingdom,GBR,Portsmouth,-1.0906023,50.800031,4,speaker
338,ekaroune,United Kingdom,GBR,Portsmouth,-1.0906023,50.800031,5,mentor
339,ekaroune,United Kingdom,GBR,Portsmouth,-1.0906023,50.800031,5,participant
340,ekaroune,United Kingdom,GBR,Portsmouth,-1.0906023,50.800031,6,expert
341,ekaroune,United Kingdom,GBR,Portsmouth,-1.0906023,50.800031,6,mentor
342,ekeluv,South Africa,ZAF,,,,2,participant
343,ekin-bolukbasi,United Kingdom,GBR,London,-0.14405508452768728,51.4893335,2,speaker
344,elena-beretta,Netherlands,NLD,Amsterdam,4.8924534,52.3730796,8,participant
345,elena-giglia,Italy,ITA,Turin,7.6824892,45.0677551,6,participant
346,elisa-on-github,Netherlands,NLD,Amsterdam,4.8924534,52.3730796,4,participant
347,elisa-on-github,Netherlands,NLD,Amsterdam,4.8924534,52.3730796,6,expert
348,elisa-on-github,Netherlands,NLD,Amsterdam,4.8924534,52.3730796,8,expert
349,elisa-on-github,Netherlands,NLD,Amsterdam,4.8924534,52.3730796,8,participant
350,elsasci,United Kingdom,GBR,,,,1,participant
351,emma-anne-harris,Germany,DEU,Berlin,13.3888599,52.5170365,3,expert
352,emma-anne-harris,Germany,DEU,Berlin,13.3888599,52.5170365,3,speaker
353,emma-lawrence,United Kingdom,GBR,London,-0.14405508452768728,51.4893335,3,participant
354,emma-lawrence,United Kingdom,GBR,London,-0.14405508452768728,51.4893335,4,expert
355,emmanuel19-ada,Nigeria,NGA,Ogbomosho,4.25,8.133,4,participant
356,emmanuel19-ada,Nigeria,NGA,Ogbomosho,4.25,8.133,5,participant
357,emmanuel19-ada,Nigeria,NGA,Ogbomosho,4.25,8.133,6,participant
358,emmanuel19-ada,Nigeria,NGA,Ogbomosho,4.25,8.133,7,participant
359,emmanuel19-ada,Nigeria,NGA,Ogbomosho,4.25,8.133,8,facilitator
360,emmyft,Netherlands,NLD,,,,1,expert
361,emmyft,Netherlands,NLD,,,,2,expert
362,emmyft,Netherlands,NLD,,,,3,organizer
363,emmyft,Netherlands,NLD,,,,3,speaker
364,emmyft,Netherlands,NLD,,,,3,speaker
365,emmyft,Netherlands,NLD,,,,4,organizer
366,emmyft,Netherlands,NLD,,,,4,mentor
367,emmyft,Netherlands,NLD,,,,4,speaker
368,emmyft,Netherlands,NLD,,,,4,speaker
369,emmyft,Netherlands,NLD,,,,5,organizer
370,emmyft,Netherlands,NLD,,,,5,mentor
371,emmyft,Netherlands,NLD,,,,5,speaker
372,emmyft,Netherlands,NLD,,,,5,speaker
373,emmyft,Netherlands,NLD,,,,5,speaker
374,emmyft,Netherlands,NLD,,,,6,organizer
375,emmyft,Netherlands,NLD,,,,6,speaker
376,emmyft,Netherlands,NLD,,,,7,organizer
377,emmyft,Netherlands,NLD,,,,7,speaker
378,emmyft,Netherlands,NLD,,,,8,organizer
379,esbusis,Turkey,TUR,Istanbul,29.052495,41.0766019,5,participant
380,estherplomp,Netherlands,NLD,The Hague,4.2696802205364515,52.07494555,3,expert
381,estherplomp,Netherlands,NLD,The Hague,4.2696802205364515,52.07494555,3,mentor
382,estherplomp,Netherlands,NLD,The Hague,4.2696802205364515,52.07494555,3,speaker
383,estherplomp,Netherlands,NLD,The Hague,4.2696802205364515,52.07494555,4,expert
384,estherplomp,Netherlands,NLD,The Hague,4.2696802205364515,52.07494555,4,mentor
385,estherplomp,Netherlands,NLD,The Hague,4.2696802205364515,52.07494555,4,mentor
386,estherplomp,Netherlands,NLD,The Hague,4.2696802205364515,52.07494555,5,mentor
387,estherplomp,Netherlands,NLD,The Hague,4.2696802205364515,52.07494555,6,expert
388,estherplomp,Netherlands,NLD,The Hague,4.2696802205364515,52.07494555,6,mentor
389,estherplomp,Netherlands,NLD,The Hague,4.2696802205364515,52.07494555,7,speaker
390,estherplomp,Netherlands,NLD,The Hague,4.2696802205364515,52.07494555,8,expert
391,evaherbst,Switzerland,CHE,,,,2,participant
392,evelyngreeves,United Kingdom,GBR,,,,5,participant
393,ewa-leś,Poland,POL,,,,4,participant
394,ewallace,United Kingdom,GBR,Edinburgh,-3.1883749,55.9533456,3,expert
395,ewallace,United Kingdom,GBR,Edinburgh,-3.1883749,55.9533456,4,expert
396,ewallace,United Kingdom,GBR,Edinburgh,-3.1883749,55.9533456,5,expert
397,ewuramaminka,United Kingdom,GBR,,,,1,participant
398,fabienne-lucas,United States,USA,Boston,-71.060511,42.3554334,3,participant
399,fabioperdigao,Brazil,BRA,Rio De Janeiro,-43.2093727,-22.9110137,6,participant
400,fadanka,Cameroon,CMR,Yaounde,11.5213344,3.8689867,5,participant
401,fadanka,Cameroon,CMR,Yaounde,11.5213344,3.8689867,6,mentor
402,fadanka,Cameroon,CMR,Yaounde,11.5213344,3.8689867,7,participant
403,fadanka,Cameroon,CMR,Yaounde,11.5213344,3.8689867,7,mentor
404,fadanka,Cameroon,CMR,Yaounde,11.5213344,3.8689867,8,mentor
405,fadanka,Cameroon,CMR,Yaounde,11.5213344,3.8689867,8,speaker
406,fadanka,Cameroon,CMR,Yaounde,11.5213344,3.8689867,catalyst,speaker
407,fadanka,Cameroon,CMR,Yaounde,11.5213344,3.8689867,dra,speaker
408,farukustunel,Turkey,TUR,Istanbul,29.052495,41.0766019,5,participant
409,fatma366,Kenya,KEN,Mombasa,39.667169,-4.05052,8,participant
410,federico-cestares,Argentina,ARG,Buenos Aires,-58.4370894,-34.6075682,5,participant
411,fnyasimi,Kenya,KEN,,,,1,participant
412,fnyasimi,Kenya,KEN,,,,4,facilitator
413,fnyasimi,Kenya,KEN,,,,5,facilitator
414,fnyasimi,Kenya,KEN,,,,6,facilitator
415,fpsom,Greece,GRC,Thessaloniki,22.9352716,40.6403167,1,expert
416,fpsom,Greece,GRC,Thessaloniki,22.9352716,40.6403167,1,mentor
417,fpsom,Greece,GRC,Thessaloniki,22.9352716,40.6403167,1,speaker
418,fpsom,Greece,GRC,Thessaloniki,22.9352716,40.6403167,2,expert
419,fpsom,Greece,GRC,Thessaloniki,22.9352716,40.6403167,2,speaker
420,fpsom,Greece,GRC,Thessaloniki,22.9352716,40.6403167,3,expert
421,fpsom,Greece,GRC,Thessaloniki,22.9352716,40.6403167,3,mentor
422,fpsom,Greece,GRC,Thessaloniki,22.9352716,40.6403167,4,expert
423,fpsom,Greece,GRC,Thessaloniki,22.9352716,40.6403167,4,mentor
424,fpsom,Greece,GRC,Thessaloniki,22.9352716,40.6403167,5,mentor
425,fpsom,Greece,GRC,Thessaloniki,22.9352716,40.6403167,5,mentor
426,fpsom,Greece,GRC,Thessaloniki,22.9352716,40.6403167,6,mentor
427,fpsom,Greece,GRC,Thessaloniki,22.9352716,40.6403167,8,mentor
428,fredbelliard,Netherlands,NLD,Delft,4.362724538543995,51.999457199999995,5,participant
429,gabimusaubach,Argentina,ARG,,,,5,participant
430,gabriela-rufino,Brazil,BRA,Rio De Janeiro,-43.2093727,-22.9110137,7,participant
431,ganleyemma,United Kingdom,GBR,,,,2,speaker
432,gareth-j,United Kingdom,GBR,Bristol,-2.5972985,51.4538022,5,participant
433,gedaloop,Spain,ESP,Barcelona,2.1774322,41.3828939,4,participant
434,gedankenstuecke,France,FRA,Paris,2.3200410217200766,48.8588897,1,expert
435,gedankenstuecke,France,FRA,Paris,2.3200410217200766,48.8588897,1,speaker
436,gedankenstuecke,France,FRA,Paris,2.3200410217200766,48.8588897,2,expert
437,gedankenstuecke,France,FRA,Paris,2.3200410217200766,48.8588897,2,speaker
438,gedankenstuecke,France,FRA,Paris,2.3200410217200766,48.8588897,3,expert
439,gemmaturon,Spain,ESP,Barcelona,2.1774322,41.3828939,5,participant
440,gemmaturon,Spain,ESP,Barcelona,2.1774322,41.3828939,8,expert
441,gemmaturon,Spain,ESP,Barcelona,2.1774322,41.3828939,8,mentor
442,georgiahca,United Kingdom,GBR,London,-0.14405508452768728,51.4893335,2,participant
443,georgiahca,United Kingdom,GBR,London,-0.14405508452768728,51.4893335,3,speaker
444,georgiahca,United Kingdom,GBR,London,-0.14405508452768728,51.4893335,5,expert
445,georgiahca,United Kingdom,GBR,London,-0.14405508452768728,51.4893335,5,mentor
446,georgianaelena,Romania,ROU,,,,7,expert
447,georgianaelena,Romania,ROU,,,,8,expert
448,ghammad,Belgium,BEL,Liège,5.773545903524977,50.47081585,3,participant
449,gigikenneth,Nigeria,NGA,,,,7,participant
450,gigikenneth,Nigeria,NGA,,,,8,facilitator
451,gilbert-beyamba,,,,,,5,speaker
452,gill-francis,United Kingdom,GBR,York,-1.0743052444639218,53.96565785,4,participant
453,glado718,Kenya,KEN,Nairobi,36.82884201813725,-1.3026148499999999,6,participant
454,glado718,Kenya,KEN,Nairobi,36.82884201813725,-1.3026148499999999,7,facilitator
455,glado718,Kenya,KEN,Nairobi,36.82884201813725,-1.3026148499999999,8,facilitator
456,gladys-jerono-rotich,Kenya,KEN,Nairobi,36.8288420082562,-1.3026148499999999,7,mentor
457,gladys-jerono-rotich,Kenya,KEN,Nairobi,36.8288420082562,-1.3026148499999999,8,mentor
458,godwyns-onwuchekwa,,,,,,7,speaker
459,godwyns-onwuchekwa,,,,,,catalyst,speaker
460,godwyns-onwuchekwa,,,,,,dra,speaker
461,graciellehigino,Canada,CAN,Vancouver,-123.113952,49.2608724,2,expert
462,graciellehigino,Canada,CAN,Vancouver,-123.113952,49.2608724,4,expert
463,graciellehigino,Canada,CAN,Vancouver,-123.113952,49.2608724,4,mentor
464,graciellehigino,Canada,CAN,Vancouver,-123.113952,49.2608724,5,mentor
465,graciellehigino,Canada,CAN,Vancouver,-123.113952,49.2608724,5,mentor
466,graciellehigino,Canada,CAN,Vancouver,-123.113952,49.2608724,6,expert
467,graciellehigino,Canada,CAN,Vancouver,-123.113952,49.2608724,6,mentor
468,graciellehigino,Canada,CAN,Vancouver,-123.113952,49.2608724,7,mentor
469,graciellehigino,Canada,CAN,Vancouver,-123.113952,49.2608724,dra,speaker
470,graciellehigino,Canada,CAN,Vancouver,-123.113952,49.2608724,dra,speaker
471,graciellehigino,Canada,CAN,Vancouver,-123.113952,49.2608724,dra,speaker
472,gugy89,,,,,,5,expert
473,guille1107,Argentina,ARG,Buenos Aires,-58.4370894,-34.6075682,4,participant
474,ha0ye,United States,USA,Gainesville,-82.3249846,29.6519684,1,expert
475,ha0ye,United States,USA,Gainesville,-82.3249846,29.6519684,1,mentor
476,ha0ye,United States,USA,Gainesville,-82.3249846,29.6519684,2,expert
477,ha0ye,United States,USA,Gainesville,-82.3249846,29.6519684,3,expert
478,ha0ye,United States,USA,Gainesville,-82.3249846,29.6519684,3,speaker
479,ha0ye,United States,USA,Gainesville,-82.3249846,29.6519684,4,expert
480,ha0ye,United States,USA,Gainesville,-82.3249846,29.6519684,5,expert
481,ha0ye,United States,USA,Gainesville,-82.3249846,29.6519684,5,speaker
482,ha0ye,United States,USA,Gainesville,-82.3249846,29.6519684,6,expert
483,ha0ye,United States,USA,Gainesville,-82.3249846,29.6519684,7,speaker
484,hans-ket,Netherlands,NLD,Amsterdam,4.8924534,52.3730796,8,participant
485,harinilakshminarayanan,Switzerland,CHE,Zurich,8.5410422,47.3744489,6,participant
486,harinilakshminarayanan,Switzerland,CHE,Zurich,8.5410422,47.3744489,7,mentor
487,harinilakshminarayanan,Switzerland,CHE,Zurich,8.5410422,47.3744489,8,mentor
488,harisood,,,,,,6,participant
489,harpreetsingh05,India,IND,Jalandhar,75.576889,31.3323762,3,expert
490,harpreetsingh05,India,IND,Jalandhar,75.576889,31.3323762,3,participant
491,harpreetsingh05,India,IND,Jalandhar,75.576889,31.3323762,3,mentor
492,harpreetsingh05,India,IND,Jalandhar,75.576889,31.3323762,3,mentor
493,harpreetsingh05,India,IND,Jalandhar,75.576889,31.3323762,4,mentor
494,hdinkel,Germany,DEU,,,,1,expert
495,hdinkel,Germany,DEU,,,,1,mentor
496,hdinkel,Germany,DEU,,,,2,expert
497,hdinkel,Germany,DEU,,,,2,mentor
498,henk-wierenga,South Africa,ZAF,,,,8,participant
499,henricountevans,Eswatini,SWZ,Kwaluseni,31.6390919,-27.2216427,8,participant
500,hexylena,Netherlands,NLD,Rotterdam,4.47775,51.9244424,3,speaker
501,heylf,Germany,DEU,Freiburg,7.8494005,47.9960901,3,participant
502,hilyatuz-zahroh,Indonesia,IDN,,,,2,participant
503,homo-sapiens34,Russian Federation,RUS,,,,1,participant
504,hrhotz,Switzerland,CHE,Basel,7.5878261,47.5581077,2,mentor
505,hrhotz,Switzerland,CHE,Basel,7.5878261,47.5581077,3,mentor
506,hrhotz,Switzerland,CHE,Basel,7.5878261,47.5581077,4,mentor
507,hrhotz,Switzerland,CHE,Basel,7.5878261,47.5581077,6,expert
508,hrhotz,Switzerland,CHE,Basel,7.5878261,47.5581077,6,mentor
509,hylary-emmanuela-ndegala-nhana,Cameroon,CMR,Yaounde,11.5213344,3.8689867,7,participant
510,hzahroh,Indonesia,IDN,Jakarta,106.8270488,-6.175247,3,participant
511,ibrahssali1,Uganda,UGA,,,,2,participant
512,inquisitivevi,Germany,DEU,,,,1,expert
513,iramosp,Mexico,MEX,Mexico City,-99.1331785,19.4326296,3,participant
514,iramosp,Mexico,MEX,Mexico City,-99.1331785,19.4326296,4,expert
515,iramosp,Mexico,MEX,Mexico City,-99.1331785,19.4326296,5,expert
516,iramosp,Mexico,MEX,Mexico City,-99.1331785,19.4326296,6,expert
517,iramosp,Mexico,MEX,Mexico City,-99.1331785,19.4326296,7,expert
518,iramosp,Mexico,MEX,Mexico City,-99.1331785,19.4326296,8,expert
519,iramosp,Mexico,MEX,Mexico City,-99.1331785,19.4326296,8,mentor
520,iratxepuebla,United Kingdom,GBR,Cambridge,0.1186637,52.2055314,3,expert
521,iratxepuebla,United Kingdom,GBR,Cambridge,0.1186637,52.2055314,3,mentor
522,iratxepuebla,United Kingdom,GBR,Cambridge,0.1186637,52.2055314,3,speaker
523,iratxepuebla,United Kingdom,GBR,Cambridge,0.1186637,52.2055314,4,expert
524,iratxepuebla,United Kingdom,GBR,Cambridge,0.1186637,52.2055314,4,mentor
525,iratxepuebla,United Kingdom,GBR,Cambridge,0.1186637,52.2055314,5,expert
526,irena-maus,Germany,DEU,Bielefeld,8.531007,52.0191005,4,participant
527,irisbotas,Spain,ESP,Majadahonda,-3.8724138,40.473055,3,participant
528,isahmadbbr,Nigeria,NGA,Kano,8.5364136,11.8948389,3,participant
529,ismael-kg,United Kingdom,GBR,London,-0.14405508452768728,51.4893335,2,participant
530,ismael-kg,United Kingdom,GBR,London,-0.14405508452768728,51.4893335,5,participant
531,ismael-kg,United Kingdom,GBR,London,-0.14405508452768728,51.4893335,6,facilitator
532,ismael-kg,United Kingdom,GBR,London,-0.14405508452768728,51.4893335,6,speaker
533,ivotron,Mexico,MEX,Hermosillo,-110.9692202,29.0948207,2,mentor
534,ivotron,Mexico,MEX,Hermosillo,-110.9692202,29.0948207,3,expert
535,iván-gabriel-poggio,Argentina,ARG,Toay,-64.3796809,-36.6738649,8,participant
536,jafari-amir,Brazil,BRA,Rio De Janeiro,-43.2093727,-22.9110137,7,participant
537,jafsia,Cameroon,CMR,Yaounde,11.5213344,3.8689867,5,participant
538,jafsia,Cameroon,CMR,Yaounde,11.5213344,3.8689867,6,mentor
539,jafsia,Cameroon,CMR,Yaounde,11.5213344,3.8689867,7,facilitator
540,jafsia,Cameroon,CMR,Yaounde,11.5213344,3.8689867,7,participant
541,jafsia,Cameroon,CMR,Yaounde,11.5213344,3.8689867,7,mentor
542,jafsia,Cameroon,CMR,Yaounde,11.5213344,3.8689867,8,expert
543,jafsia,Cameroon,CMR,Yaounde,11.5213344,3.8689867,8,mentor
544,jasonjwilliamsny,United States,USA,,,,1,expert
545,jasonjwilliamsny,United States,USA,,,,1,speaker
546,jasonjwilliamsny,United States,USA,,,,2,expert
547,javier-ruiz-pérez,Spain,ESP,Barcelona,2.1774322,41.3828939,3,participant
548,jbuczny,Netherlands,NLD,Amsterdam,4.8924534,52.3730796,8,participant
549,jcolomb,Germany,DEU,Berlin,13.3888599,52.5170365,2,expert
550,jcolomb,Germany,DEU,Berlin,13.3888599,52.5170365,4,expert
551,jcolomb,Germany,DEU,Berlin,13.3888599,52.5170365,4,mentor
552,jcolomb,Germany,DEU,Berlin,13.3888599,52.5170365,5,mentor
553,jcolomb,Germany,DEU,Berlin,13.3888599,52.5170365,7,mentor
554,jcolomb,Germany,DEU,Berlin,13.3888599,52.5170365,8,expert
555,jelioth-muthoni,Kenya,KEN,,,,2,participant
556,jesperdramsch,Germany,DEU,Bonn,7.10066,50.735851,5,expert
557,jessica-sims,United Kingdom,GBR,London,-0.14405508452768728,51.4893335,3,participant
558,jessicas11,United States,USA,Durham,-1.75,54.666667,4,expert
559,jessicas11,United States,USA,Durham,-1.75,54.666667,4,mentor
560,jezcope,United Kingdom,GBR,Harrogate,-1.5391039,53.9921491,2,expert
561,jezcope,United Kingdom,GBR,Harrogate,-1.5391039,53.9921491,2,mentor
562,jezcope,United Kingdom,GBR,Harrogate,-1.5391039,53.9921491,3,expert
563,jezcope,United Kingdom,GBR,Harrogate,-1.5391039,53.9921491,3,mentor
564,jezcope,United Kingdom,GBR,Harrogate,-1.5391039,53.9921491,5,expert
565,jezcope,United Kingdom,GBR,Harrogate,-1.5391039,53.9921491,6,expert
566,jformoso,Argentina,ARG,Ciudad Autónoma De Buenos Aires,-58.4370894,-34.6075682,7,participant
567,jformoso,Argentina,ARG,Ciudad Autónoma De Buenos Aires,-58.4370894,-34.6075682,8,facilitator
568,jformoso,Argentina,ARG,Ciudad Autónoma De Buenos Aires,-58.4370894,-34.6075682,8,mentor
569,jhon-anderson-pérez-silva,Peru,PER,Lima,-77.0365256,-12.0621065,5,participant
570,jhrudey,Netherlands,NLD,Amsterdam,4.8924534,52.3730796,8,participant
571,jmmaok,United States,USA,"Cary, Nc",-78.7812081,35.7882893,3,participant
572,jmmaok,United States,USA,"Cary, Nc",-78.7812081,35.7882893,4,expert
573,jmmaok,United States,USA,"Cary, Nc",-78.7812081,35.7882893,7,participant
574,joel-hancock,Austria,AUT,,,,2,participant
575,joelfan,Italy,ITA,Milan,9.1896346,45.4641943,6,participant
576,joelostblom,Canada,CAN,Vancouver,-123.113952,49.2608724,1,expert
577,joelostblom,Canada,CAN,Vancouver,-123.113952,49.2608724,3,expert
578,johanssen-obanda,Kenya,KEN,Kisumu,34.7541761,-0.1029109,7,mentor
579,johav,Germany,DEU,Berlin,13.3888599,52.5170365,3,expert
580,jolien-s,Netherlands,NLD,,,,8,participant
581,jonny-heath,United Kingdom,GBR,Brighton,-0.1400561,50.8214626,3,expert
582,joshsimmons,United States,USA,,,,1,speaker
583,joy-owango,,,,,,5,speaker
584,joyceykao,Germany,DEU,Aachen,6.083862,50.776351,2,participant
585,joyceykao,Germany,DEU,Aachen,6.083862,50.776351,3,expert
586,joyceykao,Germany,DEU,Aachen,6.083862,50.776351,3,mentor
587,joyceykao,Germany,DEU,Aachen,6.083862,50.776351,4,expert
588,joyceykao,Germany,DEU,Aachen,6.083862,50.776351,5,expert
589,joyceykao,Germany,DEU,Aachen,6.083862,50.776351,6,expert
590,joyceykao,Germany,DEU,Aachen,6.083862,50.776351,6,mentor
591,joyceykao,Germany,DEU,Aachen,6.083862,50.776351,7,mentor
592,joyceykao,Germany,DEU,Aachen,6.083862,50.776351,8,mentor
593,joyceykao,Germany,DEU,Aachen,6.083862,50.776351,catalyst,speaker
594,jruizperez,United States,USA,College Station,-96.3071042,30.5955289,5,participant
595,jsheunis,Germany,DEU,Juelich,6.3611015,50.9220931,5,expert
596,jsheunis,Germany,DEU,Juelich,6.3611015,50.9220931,5,mentor
597,juanjo-garcía-granero,Spain,ESP,Barcelona,2.1774322,41.3828939,3,participant
598,juanjo-garcía-granero,Spain,ESP,Barcelona,2.1774322,41.3828939,5,participant
599,julianbuede,Argentina,ARG,Córdoba,-4.7760138,37.8845813,8,participant
600,jvillcavillegas,Argentina,ARG,Buenos Aires,-58.4370894,-34.6075682,5,participant
601,jvillcavillegas,Argentina,ARG,Buenos Aires,-58.4370894,-34.6075682,8,mentor
602,jyoti-bhogal,India,IND,"Ahmednagar, Maharashtra",74.74267631763158,19.043620599999997,5,participant
603,jywarren,United States,USA,"Providence, RI",-71.4128343,41.8239891,6,speaker
604,k-c-martin,South Africa,ZAF,Stellenbosch,18.869167,-33.934444,5,participant
605,k-c-martin,South Africa,ZAF,Stellenbosch,18.869167,-33.934444,6,mentor
606,k8hertweck,United States,USA,"Seattle, Wa",-122.330062,47.6038321,4,expert
607,karegapauline,Kenya,KEN,Nairobi,36.8288420082562,-1.3026148499999999,2,participant
608,karegapauline,Kenya,KEN,Nairobi,36.8288420082562,-1.3026148499999999,6,facilitator
609,karegapauline,Kenya,KEN,Nairobi,36.8288420082562,-1.3026148499999999,6,participant
610,karegapauline,Kenya,KEN,Nairobi,36.8288420082562,-1.3026148499999999,7,mentor
611,karegapauline,Kenya,KEN,Nairobi,36.8288420082562,-1.3026148499999999,8,mentor
612,kariljordan,United States,USA,,,,1,expert
613,kariljordan,United States,USA,,,,2,expert
614,karinlag,Norway,NOR,,,,1,speaker
615,karinlag,Norway,NOR,,,,catalyst,speaker
616,karvovskaya,Netherlands,NLD,Amsterdam,4.8924534,52.3730796,1,participant
617,karvovskaya,Netherlands,NLD,Amsterdam,4.8924534,52.3730796,2,expert
618,karvovskaya,Netherlands,NLD,Amsterdam,4.8924534,52.3730796,2,mentor
619,karvovskaya,Netherlands,NLD,Amsterdam,4.8924534,52.3730796,3,expert
620,karvovskaya,Netherlands,NLD,Amsterdam,4.8924534,52.3730796,4,expert
621,karvovskaya,Netherlands,NLD,Amsterdam,4.8924534,52.3730796,4,mentor
622,karvovskaya,Netherlands,NLD,Amsterdam,4.8924534,52.3730796,5,expert
623,karvovskaya,Netherlands,NLD,Amsterdam,4.8924534,52.3730796,5,mentor
624,karvovskaya,Netherlands,NLD,Amsterdam,4.8924534,52.3730796,6,expert
625,karvovskaya,Netherlands,NLD,Amsterdam,4.8924534,52.3730796,6,mentor
626,karvovskaya,Netherlands,NLD,Amsterdam,4.8924534,52.3730796,7,mentor
627,karvovskaya,Netherlands,NLD,Amsterdam,4.8924534,52.3730796,8,participant
628,katesimpson,United Kingdom,GBR,London/ Great Union Canal/ Leeds,,,2,participant
629,katesimpson,United Kingdom,GBR,London/ Great Union Canal/ Leeds,,,3,expert
630,katesimpson,United Kingdom,GBR,London/ Great Union Canal/ Leeds,,,3,mentor
631,katesimpson,United Kingdom,GBR,London/ Great Union Canal/ Leeds,,,4,mentor
632,katoss,France,FRA,Paris,2.3200410217200766,48.8588897,2,participant
633,katoss,France,FRA,Paris,2.3200410217200766,48.8588897,3,participant
634,katoss,France,FRA,Paris,2.3200410217200766,48.8588897,4,expert
635,katrinleinweber,Germany,DEU,,,,1,expert
636,katrinleinweber,Germany,DEU,,,,1,mentor
637,kaythaney,United States,USA,,,,4,speaker
638,kenmurithi,Kenya,KEN,Chogoria,37.631994,-0.228851,6,participant
639,kevinxufs,United Kingdom,GBR,,,,2,participant
640,khanteymoori,Germany,DEU,Freiburg,7.8494005,47.9960901,3,participant
641,kipkurui,Kenya,KEN,,,,1,expert
642,kipkurui,Kenya,KEN,,,,1,mentor
643,kipkurui,Kenya,KEN,,,,1,speaker
644,kipkurui,Kenya,KEN,,,,2,expert
645,kipkurui,Kenya,KEN,,,,2,mentor
646,kipkurui,Kenya,KEN,,,,2,mentor
647,kipkurui,Kenya,KEN,,,,5,mentor
648,kipkurui,Kenya,KEN,,,,6,expert
649,kipkurui,Kenya,KEN,,,,6,mentor
650,kipkurui,Kenya,KEN,,,,7,mentor
651,kiragu-mwaura,Kenya,KEN,,,,1,participant
652,kiragu-mwaura,Kenya,KEN,,,,8,facilitator
653,kiri93,Switzerland,CHE,,,,2,participant
654,kirstiejane,United Kingdom,GBR,,,,1,expert
655,kirstiejane,United Kingdom,GBR,,,,1,speaker
656,kirstiejane,United Kingdom,GBR,,,,2,expert
657,kirstiejane,United Kingdom,GBR,,,,catalyst,speaker
658,kirstiejane,United Kingdom,GBR,,,,dra,speaker
659,klauer2207,United Kingdom,GBR,Cambridge,0.1186637,52.2055314,2,expert
660,klauer2207,United Kingdom,GBR,Cambridge,0.1186637,52.2055314,2,mentor
661,klauer2207,United Kingdom,GBR,Cambridge,0.1186637,52.2055314,5,expert
662,klauer2207,United Kingdom,GBR,Cambridge,0.1186637,52.2055314,5,mentor
663,kllewers,United States,USA,"Boulder, Co",-105.270545,40.0149856,8,participant
664,kmexter,Belgium,BEL,Oostende,2.9226366807233966,51.184683899999996,3,expert
665,koen-leuveld,Netherlands,NLD,Amsterdam,4.8924534,52.3730796,8,participant
666,koerding,United States,USA,Philadelphia,-75.1635262,39.9527237,6,expert
667,koerding,United States,USA,Philadelphia,-75.1635262,39.9527237,8,participant
668,kon0925,Greece,GRC,Heraklion,25.1332843,35.33908,3,participant
669,koudyk,Canada,CAN,,,,2,participant
670,kristinariemer,United States,USA,,,,1,participant
671,kswhitney,United States,USA,Rochester,-77.615214,43.157285,1,expert
672,kswhitney,United States,USA,Rochester,-77.615214,43.157285,3,expert
673,kswhitney,United States,USA,Rochester,-77.615214,43.157285,4,expert
674,lakillo,United Kingdom,GBR,,,,8,participant
675,lalmehlisy,Saudi Arabia,SAU,Riyadh,46.7160104,24.638916,4,participant
676,landimi2,Kenya,KEN,Nairobi,36.8288420082562,-1.3026148499999999,1,participant
677,landimi2,Kenya,KEN,Nairobi,36.8288420082562,-1.3026148499999999,3,mentor
678,landimi2,Kenya,KEN,Nairobi,36.8288420082562,-1.3026148499999999,4,facilitator
679,landimi2,Kenya,KEN,Nairobi,36.8288420082562,-1.3026148499999999,5,facilitator
680,landimi2,Kenya,KEN,Nairobi,36.8288420082562,-1.3026148499999999,6,mentor
681,landimi2,Kenya,KEN,Nairobi,36.8288420082562,-1.3026148499999999,7,mentor
682,landimi2,Kenya,KEN,Nairobi,36.8288420082562,-1.3026148499999999,7,mentor
683,landimi2,Kenya,KEN,Nairobi,36.8288420082562,-1.3026148499999999,8,expert
684,landimi2,Kenya,KEN,Nairobi,36.8288420082562,-1.3026148499999999,8,facilitator
685,lauracarter,United Kingdom,GBR,London,-0.12765,51.5073359,2,participant
686,lauracarter,United Kingdom,GBR,London,-0.12765,51.5073359,3,expert
687,lauracarter,United Kingdom,GBR,London,-0.12765,51.5073359,3,mentor
688,lauracarter,United Kingdom,GBR,London,-0.12765,51.5073359,4,expert
689,lauracarter,United Kingdom,GBR,London,-0.12765,51.5073359,5,expert
690,lauracarter,United Kingdom,GBR,London,-0.12765,51.5073359,6,expert
691,lauracarter,United Kingdom,GBR,London,-0.12765,51.5073359,7,expert
692,lauracarter,United Kingdom,GBR,London,-0.12765,51.5073359,8,mentor
693,lauracarter,United Kingdom,GBR,London,-0.12765,51.5073359,catalyst,speaker
694,lauracarter,United Kingdom,GBR,London,-0.12765,51.5073359,dra,speaker
695,lauracion,Argentina,ARG,Ciudad Autónoma De Buenos Aires,-58.43562340522388,-34.61612315,2,expert
696,lauracion,Argentina,ARG,Ciudad Autónoma De Buenos Aires,-58.43562340522388,-34.61612315,2,speaker
697,lauracion,Argentina,ARG,Ciudad Autónoma De Buenos Aires,-58.43562340522388,-34.61612315,3,expert
698,lauracion,Argentina,ARG,Ciudad Autónoma De Buenos Aires,-58.43562340522388,-34.61612315,3,mentor
699,lauracion,Argentina,ARG,Ciudad Autónoma De Buenos Aires,-58.43562340522388,-34.61612315,5,participant
700,lauracion,Argentina,ARG,Ciudad Autónoma De Buenos Aires,-58.43562340522388,-34.61612315,8,facilitator
701,lauradascenzi,Argentina,ARG,Córdoba,-4.7760138,37.8845813,8,participant
702,laurah-nyasita-ondari,Kenya,KEN,Nairobi,36.8288420082562,-1.3026148499999999,7,facilitator
703,laurah-nyasita-ondari,Kenya,KEN,Nairobi,36.8288420082562,-1.3026148499999999,8,facilitator
704,lauramb8909,Colombia,COL,Bucaramanga,-73.1047294009737,7.16698415,7,participant
705,laurichi13,Spain,ESP,,,,2,participant
706,lazycipher,India,IND,,,,1,participant
707,lcbreedt,Netherlands,NLD,Amsterdam,4.8924534,52.3730796,8,participant
708,lenny-teytelman,,,,,,3,speaker
709,lessa-maker,Cameroon,CMR,Centre,1.7324062,47.5490251,7,participant
710,lessa-maker,Cameroon,CMR,Centre,1.7324062,47.5490251,8,facilitator
711,lilian9,Kenya,KEN,,,,1,participant
712,lilian9,Kenya,KEN,,,,2,mentor
713,lisanna,Germany,DEU,Heidelberg,8.694724,49.4093582,4,participant
714,lisanna,Germany,DEU,Heidelberg,8.694724,49.4093582,5,mentor
715,lisanna,Germany,DEU,Heidelberg,8.694724,49.4093582,6,mentor
716,lomaxboydphd,United States,USA,New York,-74.0060152,40.7127281,3,participant
717,loreleyls,United States,USA,Falmouth,-5.0688262,50.1552197,8,participant
718,loubez,South Africa,ZAF,Cape Town,18.417396,-33.928992,3,expert
719,loubez,South Africa,ZAF,Cape Town,18.417396,-33.928992,3,mentor
720,lpantano,Spain,ESP,,,,2,mentor
721,luispedro,China,CHN,Shanghai,121.4700152,31.2312707,1,expert
722,luispedro,China,CHN,Shanghai,121.4700152,31.2312707,1,mentor
723,luispedro,China,CHN,Shanghai,121.4700152,31.2312707,2,expert
724,luispedro,China,CHN,Shanghai,121.4700152,31.2312707,2,mentor
725,luispedro,China,CHN,Shanghai,121.4700152,31.2312707,5,expert
726,luispedro,China,CHN,Shanghai,121.4700152,31.2312707,5,mentor
727,luispedro,China,CHN,Shanghai,121.4700152,31.2312707,6,speaker
728,lukehare,United Kingdom,GBR,London,-0.14405508452768728,51.4893335,4,participant
729,lukehare,United Kingdom,GBR,London,-0.14405508452768728,51.4893335,5,participant
730,lwbwalma,Netherlands,NLD,Delft,4.362724538543995,51.999457199999995,5,participant
731,lwinfree,United States,USA,Austin,-97.7436995,30.2711286,1,speaker
732,lwinfree,United States,USA,Austin,-97.7436995,30.2711286,2,expert
733,lwinfree,United States,USA,Austin,-97.7436995,30.2711286,2,speaker
734,lwinfree,United States,USA,Austin,-97.7436995,30.2711286,4,expert
735,lwinfree,United States,USA,Austin,-97.7436995,30.2711286,4,mentor
736,lwinfree,United States,USA,Austin,-97.7436995,30.2711286,5,speaker
737,lwinfree,United States,USA,Austin,-97.7436995,30.2711286,6,expert
738,lydiafrance,United Kingdom,GBR,London,-0.14405508452768728,51.4893335,4,participant
739,lydiafrance,United Kingdom,GBR,London,-0.14405508452768728,51.4893335,5,participant
740,macziatko,Ireland,IRL,Dublin,-6.2605593,53.3493795,6,participant
741,macziatko,Ireland,IRL,Dublin,-6.2605593,53.3493795,7,facilitator
742,macziatko,Ireland,IRL,Dublin,-6.2605593,53.3493795,7,mentor
743,macziatko,Ireland,IRL,Dublin,-6.2605593,53.3493795,8,expert
744,macziatko,Ireland,IRL,Dublin,-6.2605593,53.3493795,8,facilitator
745,macziatko,Ireland,IRL,Dublin,-6.2605593,53.3493795,8,mentor
746,magicmilly,United States,USA,,,,1,participant
747,mai-alajaji,Saudi Arabia,SAU,Riyadh,46.7160104,24.638916,4,participant
748,malloryfreeberg,United Kingdom,GBR,Cambridge,0.1186637,52.2055314,2,mentor
749,malloryfreeberg,United Kingdom,GBR,Cambridge,0.1186637,52.2055314,3,mentor
750,malloryfreeberg,United Kingdom,GBR,Cambridge,0.1186637,52.2055314,6,expert
751,malloryfreeberg,United Kingdom,GBR,Cambridge,0.1186637,52.2055314,6,mentor
752,malloryfreeberg,United Kingdom,GBR,Cambridge,0.1186637,52.2055314,6,speaker
753,malloryfreeberg,United Kingdom,GBR,Cambridge,0.1186637,52.2055314,8,mentor
754,malvikasharan,United Kingdom,GBR,London,-0.14405508452768728,51.4893335,1,organizer
755,malvikasharan,United Kingdom,GBR,London,-0.14405508452768728,51.4893335,1,mentor
756,malvikasharan,United Kingdom,GBR,London,-0.14405508452768728,51.4893335,1,mentor
757,malvikasharan,United Kingdom,GBR,London,-0.14405508452768728,51.4893335,1,mentor
758,malvikasharan,United Kingdom,GBR,London,-0.14405508452768728,51.4893335,1,speaker
759,malvikasharan,United Kingdom,GBR,London,-0.14405508452768728,51.4893335,1,speaker
760,malvikasharan,United Kingdom,GBR,London,-0.14405508452768728,51.4893335,1,speaker
761,malvikasharan,United Kingdom,GBR,London,-0.14405508452768728,51.4893335,2,expert
762,malvikasharan,United Kingdom,GBR,London,-0.14405508452768728,51.4893335,2,organizer
763,malvikasharan,United Kingdom,GBR,London,-0.14405508452768728,51.4893335,2,mentor
764,malvikasharan,United Kingdom,GBR,London,-0.14405508452768728,51.4893335,2,mentor
765,malvikasharan,United Kingdom,GBR,London,-0.14405508452768728,51.4893335,3,expert
766,malvikasharan,United Kingdom,GBR,London,-0.14405508452768728,51.4893335,3,organizer
767,malvikasharan,United Kingdom,GBR,London,-0.14405508452768728,51.4893335,3,mentor
768,malvikasharan,United Kingdom,GBR,London,-0.14405508452768728,51.4893335,3,mentor
769,malvikasharan,United Kingdom,GBR,London,-0.14405508452768728,51.4893335,3,mentor
770,malvikasharan,United Kingdom,GBR,London,-0.14405508452768728,51.4893335,3,speaker
771,malvikasharan,United Kingdom,GBR,London,-0.14405508452768728,51.4893335,3,speaker
772,malvikasharan,United Kingdom,GBR,London,-0.14405508452768728,51.4893335,4,organizer
773,malvikasharan,United Kingdom,GBR,London,-0.14405508452768728,51.4893335,4,speaker
774,malvikasharan,United Kingdom,GBR,London,-0.14405508452768728,51.4893335,5,organizer
775,malvikasharan,United Kingdom,GBR,London,-0.14405508452768728,51.4893335,5,participant
776,malvikasharan,United Kingdom,GBR,London,-0.14405508452768728,51.4893335,5,mentor
777,malvikasharan,United Kingdom,GBR,London,-0.14405508452768728,51.4893335,5,mentor
778,malvikasharan,United Kingdom,GBR,London,-0.14405508452768728,51.4893335,5,mentor
779,malvikasharan,United Kingdom,GBR,London,-0.14405508452768728,51.4893335,5,speaker
780,malvikasharan,United Kingdom,GBR,London,-0.14405508452768728,51.4893335,6,organizer
781,malvikasharan,United Kingdom,GBR,London,-0.14405508452768728,51.4893335,6,mentor
782,malvikasharan,United Kingdom,GBR,London,-0.14405508452768728,51.4893335,6,speaker
783,malvikasharan,United Kingdom,GBR,London,-0.14405508452768728,51.4893335,7,organizer
784,malvikasharan,United Kingdom,GBR,London,-0.14405508452768728,51.4893335,7,mentor
785,malvikasharan,United Kingdom,GBR,London,-0.14405508452768728,51.4893335,7,speaker
786,malvikasharan,United Kingdom,GBR,London,-0.14405508452768728,51.4893335,8,organizer
787,malvikasharan,United Kingdom,GBR,London,-0.14405508452768728,51.4893335,8,speaker
788,malvikasharan,United Kingdom,GBR,London,-0.14405508452768728,51.4893335,8,speaker
789,malvikasharan,United Kingdom,GBR,London,-0.14405508452768728,51.4893335,catalyst,organizer
790,malvikasharan,United Kingdom,GBR,London,-0.14405508452768728,51.4893335,catalyst,speaker
791,malvikasharan,United Kingdom,GBR,London,-0.14405508452768728,51.4893335,catalyst,speaker
792,malvikasharan,United Kingdom,GBR,London,-0.14405508452768728,51.4893335,catalyst,speaker
793,malvikasharan,United Kingdom,GBR,London,-0.14405508452768728,51.4893335,catalyst,speaker
794,malvikasharan,United Kingdom,GBR,London,-0.14405508452768728,51.4893335,catalyst,speaker
795,malvikasharan,United Kingdom,GBR,London,-0.14405508452768728,51.4893335,catalyst,speaker
796,malvikasharan,United Kingdom,GBR,London,-0.14405508452768728,51.4893335,catalyst,speaker
797,malvikasharan,United Kingdom,GBR,London,-0.14405508452768728,51.4893335,catalyst,speaker
798,malvikasharan,United Kingdom,GBR,London,-0.14405508452768728,51.4893335,dra,organizer
799,malvikasharan,United Kingdom,GBR,London,-0.14405508452768728,51.4893335,dra,speaker
800,malvikasharan,United Kingdom,GBR,London,-0.14405508452768728,51.4893335,dra,speaker
801,malvikasharan,United Kingdom,GBR,London,-0.14405508452768728,51.4893335,dra,speaker
802,malvikasharan,United Kingdom,GBR,London,-0.14405508452768728,51.4893335,dra,speaker
803,malvikasharan,United Kingdom,GBR,London,-0.14405508452768728,51.4893335,dra,speaker
804,malvikasharan,United Kingdom,GBR,London,-0.14405508452768728,51.4893335,dra,speaker
805,malvikasharan,United Kingdom,GBR,London,-0.14405508452768728,51.4893335,dra,speaker
806,manulera,France,FRA,Paris,2.3200410217200766,48.8588897,4,facilitator
807,manulera,France,FRA,Paris,2.3200410217200766,48.8588897,4,participant
808,manulera,France,FRA,Paris,2.3200410217200766,48.8588897,5,facilitator
809,marbarrantescepas,Spain,ESP,,,,8,participant
810,marcel-laflamme,United States,USA,,,,4,speaker
811,marco-madella,Spain,ESP,Barcelona,2.1774322,41.3828939,3,participant
812,marcoanteghini,Germany,DEU,Berlin,13.3888599,52.5170365,6,speaker
813,marcotxma,Germany,DEU,Munich,11.5753822,48.1371079,7,participant
814,maria-andrea-gonzales-castillo,Peru,PER,Lima,-77.0365256,-12.0621065,5,participant
815,maria-clara-heringer-lourenço,,,,,,7,participant
816,mariangelap,Italy,ITA,Genova,8.9338624,44.40726,5,participant
817,marie-nugent,United Kingdom,GBR,London,-0.14405508452768728,51.4893335,6,participant
818,marielaraj,Argentina,ARG,Ciudad De Buenos Aires,-58.4370894,-34.6075682,7,participant
819,marielaraj,Argentina,ARG,Ciudad De Buenos Aires,-58.4370894,-34.6075682,8,mentor
820,marimeireles,Germany,DEU,Berlin,13.3888599,52.5170365,6,expert
821,marimeireles,Germany,DEU,Berlin,13.3888599,52.5170365,6,mentor
822,marimeireles,Germany,DEU,Berlin,13.3888599,52.5170365,8,speaker
823,markuskonk,Netherlands,NLD,Enschede,6.870595664097989,52.22336325,4,expert
824,marlouramaekers,Netherlands,NLD,Amsterdam,4.8924534,52.3730796,8,participant
825,marta-lloret-llinares,United Kingdom,GBR,Cambridge,0.1186637,52.2055314,3,expert
826,marta-marin,Spain,ESP,Madrid,-3.7035825,40.4167047,3,participant
827,martenson,Czechia,CZE,,,,2,expert
828,martinagvilas,Germany,DEU,Frankfurt Am Main,8.6820917,50.1106444,2,expert
829,martinagvilas,Germany,DEU,Frankfurt Am Main,8.6820917,50.1106444,2,mentor
830,martinagvilas,Germany,DEU,Frankfurt Am Main,8.6820917,50.1106444,3,expert
831,martinagvilas,Germany,DEU,Frankfurt Am Main,8.6820917,50.1106444,3,participant
832,martlj,United Kingdom,GBR,London,-0.14405508452768728,51.4893335,4,mentor
833,martlj,United Kingdom,GBR,London,-0.14405508452768728,51.4893335,6,expert
834,marzia-di-filippo,Italy,ITA,Milano,9.1896346,45.4641943,3,participant
835,masako-kaufmann,Germany,DEU,Freiburg,7.8494005,47.9960901,3,participant
836,matouse,United Kingdom,GBR,London,-0.14405508452768728,51.4893335,6,expert
837,matuskalas,Norway,NOR,,,,1,participant
838,mblue9,Australia,AUS,,,,2,expert
839,mdbarker,Australia,AUS,,,,7,speaker
840,meagdoh,United States,USA,Washington,-77.0365427,38.8950368,2,expert
841,meagdoh,United States,USA,Washington,-77.0365427,38.8950368,2,mentor
842,meagdoh,United States,USA,Washington,-77.0365427,38.8950368,3,expert
843,meagdoh,United States,USA,Washington,-77.0365427,38.8950368,3,mentor
844,meagdoh,United States,USA,Washington,-77.0365427,38.8950368,4,expert
845,meagdoh,United States,USA,Washington,-77.0365427,38.8950368,4,mentor
846,meagdoh,United States,USA,Washington,-77.0365427,38.8950368,5,mentor
847,meagdoh,United States,USA,Washington,-77.0365427,38.8950368,7,speaker
848,megan-lisa-stock,,,,,,6,participant
849,megmugure,Kenya,KEN,Nairobi,36.8288420082562,-1.3026148499999999,1,participant
850,megmugure,Kenya,KEN,Nairobi,36.8288420082562,-1.3026148499999999,3,expert
851,mehak-chopra,India,IND,Puducherry,79.8306447,11.9340568,3,participant
852,melibleq,Brazil,BRA,São Paulo,-47.1583944,-1.2043218,6,expert
853,melibleq,Brazil,BRA,São Paulo,-47.1583944,-1.2043218,6,speaker
854,melibleq,Brazil,BRA,São Paulo,-47.1583944,-1.2043218,7,facilitator
855,melibleq,Brazil,BRA,São Paulo,-47.1583944,-1.2043218,7,mentor
856,melibleq,Brazil,BRA,São Paulo,-47.1583944,-1.2043218,8,participant
857,merrcury,India,IND,Kurukshetra,76.8482787,29.9693747,4,expert
858,mesfind,Ethiopia,ETH,,,,2,mentor
859,mgawe-cavin,Kenya,KEN,"Nairobi, Kenya",36.8288420082562,-1.3026148499999999,5,participant
860,mgawe-cavin,Kenya,KEN,"Nairobi, Kenya",36.8288420082562,-1.3026148499999999,6,facilitator
861,michael-addy,Ghana,GHA,Kumasi,-1.6233086,6.6985605,4,participant
862,michael-addy,Ghana,GHA,Kumasi,-1.6233086,6.6985605,5,mentor
863,michal-javornik,Czechia,CZE,Brno,16.6113382,49.1922443,3,participant
864,michal-ruzicka,Czechia,CZE,Brno,16.6113382,49.1922443,3,participant
865,miguel-silan,France,FRA,Metro Manila / Grenoble,,,7,expert
866,miguel-silan,France,FRA,Metro Manila / Grenoble,,,8,speaker
867,mihaelanemes,United Kingdom,GBR,London,-0.14405508452768728,51.4893335,3,participant
868,miketrizna,United States,USA,"Washington, Dc",-77.0365427,38.8950368,7,participant
869,milagro-urricariet,Argentina,ARG,Ciudad Autónoma De Buenos Aires,-58.4370894,-34.6075682,8,expert
870,milagro-urricariet,Argentina,ARG,Ciudad Autónoma De Buenos Aires,-58.4370894,-34.6075682,8,participant
871,milagros-miceli,Germany,DEU,Berlin,13.3888599,52.5170365,7,mentor
872,mishrose123,United Kingdom,GBR,Cambridge,0.1186637,52.2055314,3,expert
873,mitch-kitoi,Kenya,KEN,Nairobi,36.82884201813725,-1.3026148499999999,8,participant
874,miytek,Netherlands,NLD,Delft,4.362724538543995,51.999457199999995,8,participant
875,mkuzak,Netherlands,NLD,,,,1,expert
876,mkuzak,Netherlands,NLD,,,,1,mentor
877,mkuzak,Netherlands,NLD,,,,1,speaker
878,mkuzak,Netherlands,NLD,,,,2,expert
879,mkuzak,Netherlands,NLD,,,,2,speaker
880,mlagisz,Australia,AUS,Sydney,-60.194092,46.137977,6,participant
881,mloning,United Kingdom,GBR,,,,2,mentor
882,mloning,United Kingdom,GBR,,,,2,participant
883,mmasibidi,South Africa,ZAF,Potchefstroom,27.095833,-26.707778,8,participant
884,moengels,,,,,,6,participant
885,mohan-gupta,Nepal,NPL,Kathmandu,85.3205817,27.708317,3,participant
886,mona-zimmermann,Netherlands,NLD,Amsterdam,4.8924534,52.3730796,8,participant
887,monica-alonso,Argentina,ARG,,,,8,participant
888,monica-granados,,,,,,8,speaker
889,monsurat-onabajo,Nigeria,NGA,,,,8,participant
890,morphofun,United States,USA,,,,1,participant
891,mruizvelley,Germany,DEU,,,,1,expert
892,msundukova,Spain,ESP,Bilbao,-2.9350039,43.2630018,3,facilitator
893,msundukova,Spain,ESP,Bilbao,-2.9350039,43.2630018,4,facilitator
894,msundukova,Spain,ESP,Bilbao,-2.9350039,43.2630018,5,expert
895,msundukova,Spain,ESP,Bilbao,-2.9350039,43.2630018,5,facilitator
896,msundukova,Spain,ESP,Bilbao,-2.9350039,43.2630018,5,mentor
897,msundukova,Spain,ESP,Bilbao,-2.9350039,43.2630018,6,expert
898,msundukova,Spain,ESP,Bilbao,-2.9350039,43.2630018,6,facilitator
899,msundukova,Spain,ESP,Bilbao,-2.9350039,43.2630018,6,mentor
900,msundukova,Spain,ESP,Bilbao,-2.9350039,43.2630018,6,participant
901,mtthsdzwn,Netherlands,NLD,Amsterdam,4.8924534,52.3730796,8,participant
902,muhammetcelik,Turkey,TUR,,,,2,participant
903,muhammetcelik,Turkey,TUR,,,,3,participant
904,muhammetcelik,Turkey,TUR,,,,5,mentor
905,mvdbeek,France,FRA,,,,1,expert
906,mxrtinez,Colombia,COL,Bucaramanga,-73.1047294009737,7.16698415,3,participant
907,mxrtinez,Colombia,COL,Bucaramanga,-73.1047294009737,7.16698415,4,expert
908,mxrtinez,Colombia,COL,Bucaramanga,-73.1047294009737,7.16698415,4,mentor
909,mxrtinez,Colombia,COL,Bucaramanga,-73.1047294009737,7.16698415,5,mentor
910,mxrtinez,Colombia,COL,Bucaramanga,-73.1047294009737,7.16698415,6,expert
911,mxrtinez,Colombia,COL,Bucaramanga,-73.1047294009737,7.16698415,6,speaker
912,mxrtinez,Colombia,COL,Bucaramanga,-73.1047294009737,7.16698415,7,mentor
913,mxrtinez,Colombia,COL,Bucaramanga,-73.1047294009737,7.16698415,7,participant
914,mxrtinez,Colombia,COL,Bucaramanga,-73.1047294009737,7.16698415,8,mentor
915,myreille-larouche,Canada,CAN,,,,2,participant
916,nadia-odaliz-chamana-chura,Peru,PER,Lima,-77.0365256,-12.0621065,5,participant
917,nadinespy,United Kingdom,GBR,Brighton,-0.1400561,50.8214626,4,participant
918,nadinespy,United Kingdom,GBR,Brighton,-0.1400561,50.8214626,6,expert
919,nadinespy,United Kingdom,GBR,Brighton,-0.1400561,50.8214626,6,mentor
920,nadinespy,United Kingdom,GBR,Brighton,-0.1400561,50.8214626,8,expert
921,nadinespy,United Kingdom,GBR,Brighton,-0.1400561,50.8214626,8,mentor
922,nadza-dzinalija,,,,,,8,participant
923,nahuele,Argentina,ARG,Vicente Lopez,-58.5036282,-34.5244484,7,participant
924,nanje-patrick-itarngoh,Cameroon,CMR,Buea,9.2315519,4.1567995,8,participant
925,naralb,Brazil,BRA,,,,1,participant
926,natalie-banner,United Kingdom,GBR,London,-0.14405508452768728,51.4893335,3,speaker
927,natalie-banner,United Kingdom,GBR,London,-0.14405508452768728,51.4893335,6,mentor
928,natasha_wood,South Africa,ZAF,Cape Town,18.417396,-33.928992,2,speaker
929,nathanael-kedmayla,Cameroon,CMR,Yaounde,11.5213344,3.8689867,7,participant
930,natty2012,Kenya,KEN,,,,2,participant
931,nea-bridget,United Kingdom,GBR,London,-0.14405508452768728,51.4893335,5,participant
932,nehamoopen,Netherlands,NLD,,,,2,participant
933,nelson-franco,Bolivia,,Cochabamba,-66.1568983,-17.3936114,5,participant
934,nerantzis,Greece,GRC,,,,1,expert
935,nerantzis,Greece,GRC,,,,2,expert
936,nessa111987,United Kingdom,GBR,Oxford,-1.2578499,51.7520131,8,expert
937,nick-barlow,United Kingdom,GBR,,,,4,speaker
938,nickynicolson,United Kingdom,GBR,London,-0.14405508452768728,51.4893335,6,participant
939,nickynicolson,United Kingdom,GBR,London,-0.14405508452768728,51.4893335,7,participant
940,nickynicolson,United Kingdom,GBR,London,-0.14405508452768728,51.4893335,8,mentor
941,niels-reijner,Netherlands,NLD,Amsterdam,4.8924534,52.3730796,8,participant
942,nihansultan,Turkey,TUR,İstanbul,29.052495,41.0766019,3,participant
943,nihansultan,Turkey,TUR,İstanbul,29.052495,41.0766019,5,participant
944,nikoleta-v3,,,,,,4,speaker
945,nilabha1512,,,,,,6,participant
946,nina-roux,,,,,,6,participant
947,nlois,Argentina,ARG,Buenos Aires,-58.4370894,-34.6075682,8,participant
948,nodiraibrogimova,Uzbekistan,UZB,Tashkent,69.2787079,41.3123363,5,participant
949,nomadscientist,United Kingdom,GBR,Cambridge,0.1186637,52.2055314,3,expert
950,nomalu,South Africa,ZAF,Pretoria,28.1879101,-25.7459277,6,participant
951,npalopoli,Argentina,ARG,Buenos Aires,-58.4370894,-34.6075682,2,expert
952,npalopoli,Argentina,ARG,Buenos Aires,-58.4370894,-34.6075682,3,expert
953,npalopoli,Argentina,ARG,Buenos Aires,-58.4370894,-34.6075682,8,mentor
954,npalopoli,Argentina,ARG,Buenos Aires,-58.4370894,-34.6075682,8,participant
955,npch,,,,,,3,speaker
956,npdebs,Nigeria,NGA,Port Harcourt.,7.0188527,4.7676576,7,participant
957,npdebs,Nigeria,NGA,Port Harcourt.,7.0188527,4.7676576,8,facilitator
958,npscience,United Kingdom,GBR,,,,1,expert
959,npscience,United Kingdom,GBR,,,,1,mentor
960,npscience,United Kingdom,GBR,,,,2,expert
961,npscience,United Kingdom,GBR,,,,2,mentor
962,npscience,United Kingdom,GBR,,,,4,expert
963,nsoranzo,United Kingdom,GBR,,,,1,expert
964,nwakaego-gloria-ashiegbu,Nigeria,NGA,Umudike / Abia State,7.533333,5.5,8,participant
965,nyasita,Kenya,KEN,Nairobi,36.8288420082562,-1.3026148499999999,6,participant
966,nyasita,Kenya,KEN,Nairobi,36.8288420082562,-1.3026148499999999,7,mentor
967,nyasita,Kenya,KEN,Nairobi,36.8288420082562,-1.3026148499999999,8,mentor
968,olayile,South Africa,ZAF,Pretoria,28.1879101,-25.7459277,3,participant
969,olexandr-konovalov,United Kingdom / Ukraine,,,,,7,speaker
970,olsjuju,South Korea,,Seoul,126.9782914,37.5666791,5,participant
971,olsjuju,South Korea,,Seoul,126.9782914,37.5666791,6,mentor
972,olufemi-adesope,Nigeria,NGA,Port Harcourt,7.0188527,4.7676576,8,participant
973,onwumere.joseph,Nigeria,NGA,"Umudike, Abia State",7.533333,5.5,8,participant
974,orchid00,Australia,AUS,,,,1,expert
975,orchid00,Australia,AUS,,,,2,expert
976,orchid00,Australia,AUS,,,,2,speaker
977,osatashamim,Kenya,KEN,Nairobi,36.8288420082562,-1.3026148499999999,6,participant
978,paolo-pedaletti,Italy,ITA,Milano,9.1896346,45.4641943,3,participant
979,patriloto,Argentina,ARG,Resistencia - Chaco,-59.19320025100798,-27.6048829,7,participant
980,patriloto,Argentina,ARG,Resistencia - Chaco,-59.19320025100798,-27.6048829,8,mentor
981,paulinegachanja,Kenya,KEN,Kilifi,39.67507159193717,-3.15073925,8,participant
982,paulineligonie,Canada,CAN,,,,2,participant
983,paulmaxus,Netherlands,NLD,Amsterdam,4.8924534,52.3730796,8,participant
984,paulowoicho,Nigeria,NGA,,,,2,participant
985,paulvill,France,FRA,,,,2,expert
986,pazbc,Argentina,ARG,,,,5,organizer
987,pazbc,Argentina,ARG,,,,6,organizer
988,pazbc,Argentina,ARG,,,,6,speaker
989,pazbc,Argentina,ARG,,,,6,speaker
990,pazbc,Argentina,ARG,,,,7,organizer
991,pazbc,Argentina,ARG,,,,7,speaker
992,pazbc,Argentina,ARG,,,,8,organizer
993,pazmiguez,Argentina,ARG,Buenos Aires,-58.4370894,-34.6075682,8,expert
994,pazmiguez,Argentina,ARG,Buenos Aires,-58.4370894,-34.6075682,8,participant
995,peranti,France,FRA,Paris,2.3483915,48.8534951,7,facilitator
996,peranti,France,FRA,Paris,2.3483915,48.8534951,8,facilitator
997,pescini,Italy,ITA,Milan,9.1896346,45.4641943,3,participant
998,pescini,Italy,ITA,Milan,9.1896346,45.4641943,4,mentor
999,petraag,Cameroon,CMR,Bamenda,10.1516505,5.9614117,7,participant
1000,phaarouknucleus,Nigeria,NGA,Kano,8.5364136,11.8948389,6,participant
1001,phaarouknucleus,Nigeria,NGA,Kano,8.5364136,11.8948389,7,facilitator
1002,phaarouknucleus,Nigeria,NGA,Kano,8.5364136,11.8948389,7,speaker
1003,phaarouknucleus,Nigeria,NGA,Kano,8.5364136,11.8948389,8,expert
1004,phaarouknucleus,Nigeria,NGA,Kano,8.5364136,11.8948389,8,facilitator
1005,phaarouknucleus,Nigeria,NGA,Kano,8.5364136,11.8948389,8,mentor
1006,phaarouknucleus,Nigeria,NGA,Kano,8.5364136,11.8948389,8,mentor
1007,pherterich,United Kingdom,GBR,Edinburgh,-3.1883749,55.9533456,1,expert
1008,pherterich,United Kingdom,GBR,Edinburgh,-3.1883749,55.9533456,1,mentor
1009,pherterich,United Kingdom,GBR,Edinburgh,-3.1883749,55.9533456,1,mentor
1010,pherterich,United Kingdom,GBR,Edinburgh,-3.1883749,55.9533456,2,expert
1011,pherterich,United Kingdom,GBR,Edinburgh,-3.1883749,55.9533456,2,mentor
1012,pherterich,United Kingdom,GBR,Edinburgh,-3.1883749,55.9533456,4,speaker
1013,pherterich,United Kingdom,GBR,Edinburgh,-3.1883749,55.9533456,5,expert
1014,pherterich,United Kingdom,GBR,Edinburgh,-3.1883749,55.9533456,5,mentor
1015,pherterich,United Kingdom,GBR,Edinburgh,-3.1883749,55.9533456,6,expert
1016,pherterich,United Kingdom,GBR,Edinburgh,-3.1883749,55.9533456,7,mentor
1017,piero-beraun,Peru,PER,Lima,-77.0365256,-12.0621065,5,participant
1018,pinheirochagas,United States,USA,San Francisco,-122.419906,37.7790262,5,participant
1019,pivg,United Kingdom,GBR,Cambridge,0.1186637,52.2055314,2,mentor
1020,pivg,United Kingdom,GBR,Cambridge,0.1186637,52.2055314,3,expert
1021,pivg,United Kingdom,GBR,Cambridge,0.1186637,52.2055314,3,mentor
1022,pivg,United Kingdom,GBR,Cambridge,0.1186637,52.2055314,5,speaker
1023,pivg,United Kingdom,GBR,Cambridge,0.1186637,52.2055314,6,speaker
1024,pol-arranz-gibert,,,,,,6,participant
1025,pradeep-eranti,France,FRA,,,,2,participant
1026,pradeep-eranti,France,FRA,,,,8,mentor
1027,prakriti-karki,Nepal,NPL,Kathmandu,85.3205817,27.708317,3,participant
1028,prashbio,India,IND,Jaipur,75.8189817,26.9154576,3,expert
1029,prashbio,India,IND,Jaipur,75.8189817,26.9154576,3,participant
1030,prashbio,India,IND,Jaipur,75.8189817,26.9154576,3,mentor
1031,princehoodie,Argentina,ARG,Buenos Aires,-58.4370894,-34.6075682,4,participant
1032,proccaserra,United Kingdom,GBR,Oxford,-1.2578499,51.7520131,2,speaker
1033,proccaserra,United Kingdom,GBR,Oxford,-1.2578499,51.7520131,3,expert
1034,profgiuseppe,Italy,ITA,Bologna,11.3426327,44.4938203,1,expert
1035,profgiuseppe,Italy,ITA,Bologna,11.3426327,44.4938203,2,expert
1036,profgiuseppe,Italy,ITA,Bologna,11.3426327,44.4938203,3,expert
1037,profgiuseppe,Italy,ITA,Bologna,11.3426327,44.4938203,4,expert
1038,profgiuseppe,Italy,ITA,Bologna,11.3426327,44.4938203,6,expert
1039,profgiuseppe,Italy,ITA,Bologna,11.3426327,44.4938203,8,expert
1040,pvanheus,South Africa,ZAF,,,,2,participant
1041,pvanheus,South Africa,ZAF,,,,6,participant
1042,r-huo,Netherlands,NLD,Delft,4.362724538543995,51.999457199999995,6,participant
1043,rainsworth,United Kingdom,GBR,Manchester,-2.2451148,53.4794892,1,expert
1044,rainsworth,United Kingdom,GBR,Manchester,-2.2451148,53.4794892,2,expert
1045,rainsworth,United Kingdom,GBR,Manchester,-2.2451148,53.4794892,2,speaker
1046,rainsworth,United Kingdom,GBR,Manchester,-2.2451148,53.4794892,3,expert
1047,raoofphysics,United Kingdom,GBR,Bristol,-2.5972985,51.4538022,5,participant
1048,raphaels1,United Kingdom,GBR,London,-0.14405508452768728,51.4893335,5,expert
1049,reinout-de-vries,Netherlands,NLD,Amsterdam,4.8924534,52.3730796,8,participant
1050,rgaiacs,Brazil,BRA,,,,2,expert
1051,rgaiacs,Brazil,BRA,,,,2,mentor
1052,rgaiacs,Brazil,BRA,,,,5,speaker
1053,rgiessmann,Germany,DEU,Berlin,13.3888599,52.5170365,8,participant
1054,rhoné-roux,,,,,,6,participant
1055,richarddushime,Uganda,UGA,Kampala,32.5813539,0.3177137,7,participant
1056,richarddushime,Uganda,UGA,Kampala,32.5813539,0.3177137,8,expert
1057,rivaquiroga,Chile,CHL,Valparaíso,-71.6196749,-33.0458456,7,mentor
1058,rivaquiroga,Chile,CHL,Valparaíso,-71.6196749,-33.0458456,8,mentor
1059,robandeep-kaur,India,IND,Jalandhar,75.576889,31.3323762,3,participant
1060,robert-schreiber,South Africa,ZAF,Hermanus,19.2361111,-34.4175,5,participant
1061,robin-lewando,Ireland,IRL,Drimoleague,-9.2599704,51.6608501,3,participant
1062,rodrigocam,Brazil,BRA,,,,1,mentor
1063,romina-pendino,Argentina,ARG,"Rosario, Santa Fe",-60.6617024,-32.9593609,8,participant
1064,romina-trinchin,Uruguay,URY,Montevideo,-56.1913095,-34.9058916,8,participant
1065,romullo-lima,Brazil,BRA,Rio De Janeiro,-43.2093727,-22.9110137,6,participant
1066,roné-wierenga,South Africa,ZAF,Pretoria,28.1879101,-25.7459277,8,participant
1067,rossmounce,United Kingdom,GBR,,,,2,expert
1068,rowlandm,Australia,AUS,,,,3,speaker
1069,rowlandm,Australia,AUS,,,,5,speaker
1070,rowlandm,Australia,AUS,,,,7,mentor
1071,ruben-lacroix,Netherlands,NLD,Amsterdam,4.8924534,52.3730796,8,participant
1072,rukynas,Portugal,PRT,Porto,-8.6107884,41.1494512,3,participant
1073,rushda-patel,India,IND,,,,6,participant
1074,sairajdillikar,India,IND,Mysore,76.6553609,12.3051828,5,participant
1075,samguay,Canada,CAN,,,,1,participant
1076,samguay,Canada,CAN,,,,2,mentor
1077,samuelorion,Canada,CAN,,,,2,participant
1078,samvanstroud,United Kingdom,GBR,London,-0.14405508452768728,51.4893335,2,participant
1079,samvanstroud,United Kingdom,GBR,London,-0.14405508452768728,51.4893335,3,expert
1080,samvanstroud,United Kingdom,GBR,London,-0.14405508452768728,51.4893335,4,speaker
1081,sandra-larriega,Peru,PER,Ñima,23.8675381,47.0759396,5,participant
1082,sandrine-kengne,Cameroon,CMR,Yaounde,11.5213344,3.8689867,7,participant
1083,santi-rello-varona,Spain,ESP,Madrid,-3.7035825,40.4167047,3,participant
1084,santosrac,Brazil,BRA,Piracicaba,-47.6493269,-22.725165,2,expert
1085,santosrac,Brazil,BRA,Piracicaba,-47.6493269,-22.725165,5,expert
1086,sapetti9,Italy,ITA,Bologna,11.3426327,44.4938203,6,expert
1087,sapetti9,Italy,ITA,Bologna,11.3426327,44.4938203,6,speaker
1088,sarah-lippincott,United States,USA,,,,8,speaker
1089,sarah-nietopski,United Kingdom,GBR,London,-0.14405508452768728,51.4893335,5,participant
1090,saranjeetkaur,India,IND,Gurgaon,77.00270014657752,28.42826235,4,participant
1091,saranjeetkaur,India,IND,Gurgaon,77.00270014657752,28.42826235,6,participant
1092,saranjeetkaur,India,IND,Gurgaon,77.00270014657752,28.42826235,7,mentor
1093,saranjeetkaur,India,IND,Gurgaon,77.00270014657752,28.42826235,8,mentor
1094,saravilla,United Kingdom,GBR,London,-0.12765,51.5073359,4,participant
1095,saravilla,United Kingdom,GBR,London,-0.12765,51.5073359,5,mentor
1096,saravilla,United Kingdom,GBR,London,-0.12765,51.5073359,6,expert
1097,saravilla,United Kingdom,GBR,London,-0.12765,51.5073359,6,mentor
1098,saravilla,United Kingdom,GBR,London,-0.12765,51.5073359,7,mentor
1099,saravilla,United Kingdom,GBR,London,-0.12765,51.5073359,8,expert
1100,saravilla,United Kingdom,GBR,London,-0.12765,51.5073359,8,mentor
1101,sarenaz,Kazakhstan,KAZ,Astana (Nursultan),71.4306682,51.1282205,5,participant
1102,saryace,Chile,CHL,Santiago,-83.7980749,9.8694792,7,participant
1103,saskiafreytag,Australia,AUS,Melbourne,144.9631732,-37.8142454,8,speaker
1104,satagopam7,Luxembourg,LUX,,,,1,expert
1105,sayalaruano,Netherlands,NLD,Maastricht,5.6969881818221095,50.85798545,4,participant
1106,sayalaruano,Netherlands,NLD,Maastricht,5.6969881818221095,50.85798545,5,mentor
1107,sayalaruano,Netherlands,NLD,Maastricht,5.6969881818221095,50.85798545,6,expert
1108,sayalaruano,Netherlands,NLD,Maastricht,5.6969881818221095,50.85798545,6,speaker
1109,sayalaruano,Netherlands,NLD,Maastricht,5.6969881818221095,50.85798545,7,mentor
1110,sayalaruano,Netherlands,NLD,Maastricht,5.6969881818221095,50.85798545,8,mentor
1111,scottbgi,Hong Kong,HKG,,,,8,speaker
1112,sdopoku,Ghana,GHA,,,,2,expert
1113,sdopoku,Ghana,GHA,,,,2,mentor
1114,sdopoku,Ghana,GHA,,,,2,speaker
1115,sdopoku,Ghana,GHA,,,,3,speaker
1116,sdruskat,Germany,DEU,,,,4,speaker
1117,sdruskat,Germany,DEU,,,,5,speaker
1118,sebastianeggert,Germany,DEU,,,,2,participant
1119,selgebali,Sweden,SWE,Gothenburg,-100.1619896,40.9277324,4,expert
1120,selgebali,Sweden,SWE,Gothenburg,-100.1619896,40.9277324,4,speaker
1121,selgebali,Sweden,SWE,Gothenburg,-100.1619896,40.9277324,5,expert
1122,selgebali,Sweden,SWE,Gothenburg,-100.1619896,40.9277324,5,mentor
1123,selgebali,Sweden,SWE,Gothenburg,-100.1619896,40.9277324,6,expert
1124,selgebali,Sweden,SWE,Gothenburg,-100.1619896,40.9277324,6,mentor
1125,selgebali,Sweden,SWE,Gothenburg,-100.1619896,40.9277324,8,mentor
1126,serahrono,Estonia,EST,Tallinn,24.7453688,59.4372155,3,expert
1127,seunolufemi123,Nigeria,NGA,Ogbomoso,4.25,8.133,7,participant
1128,seunolufemi123,Nigeria,NGA,Ogbomoso,4.25,8.133,8,expert
1129,seunolufemi123,Nigeria,NGA,Ogbomoso,4.25,8.133,8,facilitator
1130,sgibson91,United Kingdom,GBR,London,-0.14405508452768728,51.4893335,2,expert
1131,sgibson91,United Kingdom,GBR,London,-0.14405508452768728,51.4893335,2,mentor
1132,sgibson91,United Kingdom,GBR,London,-0.14405508452768728,51.4893335,3,expert
1133,sgibson91,United Kingdom,GBR,London,-0.14405508452768728,51.4893335,3,participant
1134,sgibson91,United Kingdom,GBR,London,-0.14405508452768728,51.4893335,3,mentor
1135,sgsfak,,,,,,3,participant
1136,shmuhammad2004,Nigeria,NGA,Kano,8.5364136,11.8948389,3,participant
1137,sithyphus,United States,USA,,,,1,participant
1138,sivasubramanian-murugappan,Ireland,IRL,Limerick,-8.6301239,52.661252,7,participant
1139,sjb287,United States,USA,Urbana,-88.207301,40.1117174,3,participant
1140,sk-sahu,India,IND,,,,2,participant
1141,sladjana-lukic,United States,USA,New York City,-74.0060152,40.7127281,5,participant
1142,slldec,Argentina,ARG,Buenos Aires,-58.4370894,-34.6075682,5,participant
1143,slldec,Argentina,ARG,Buenos Aires,-58.4370894,-34.6075682,7,facilitator
1144,slldec,Argentina,ARG,Buenos Aires,-58.4370894,-34.6075682,7,mentor
1145,smhall97,United Kingdom,GBR,Oxford,-1.2578499,51.7520131,6,mentor
1146,smhall97,United Kingdom,GBR,Oxford,-1.2578499,51.7520131,7,participant
1147,smhall97,United Kingdom,GBR,Oxford,-1.2578499,51.7520131,8,mentor
1148,smklusza,United States,USA,Morrow,-82.7771661,40.4574358,2,participant
1149,smklusza,United States,USA,Morrow,-82.7771661,40.4574358,3,expert
1150,smklusza,United States,USA,Morrow,-82.7771661,40.4574358,3,mentor
1151,smklusza,United States,USA,Morrow,-82.7771661,40.4574358,4,expert
1152,smklusza,United States,USA,Morrow,-82.7771661,40.4574358,5,mentor
1153,sofia-kirke-forslund,Germany,DEU,Berlin,13.3888599,52.5170365,2,expert
1154,sonibk,Kenya,KEN,,,,2,participant
1155,spitschan,Germany,DEU,Munich,11.5753822,48.1371079,3,participant
1156,spitschan,Germany,DEU,Munich,11.5753822,48.1371079,7,participant
1157,stefan-gaillard,Netherlands,NLD,,,,2,participant
1158,stefaniebutland,Canada,CAN,Kamloops,-120.339415,50.6758269,3,expert
1159,stefaniebutland,Canada,CAN,Kamloops,-120.339415,50.6758269,5,expert
1160,stefaniebutland,Canada,CAN,Kamloops,-120.339415,50.6758269,8,speaker
1161,sudarshangc,Nepal,NPL,,,,1,participant
1162,susana465,United Kingdom,GBR,,,,6,participant
1163,tai-rocha,Brazil,BRA,Rio De Janeiro,-43.2093727,-22.9110137,2,participant
1164,tai-rocha,Brazil,BRA,Rio De Janeiro,-43.2093727,-22.9110137,3,expert
1165,tajuddeen1,Nigeria,NGA,,,,8,mentor
1166,tajuddeen1,Nigeria,NGA,,,,catalyst,organizer
1167,tajuddeen1,Nigeria,NGA,,,,catalyst,speaker
1168,tajuddeen1,Nigeria,NGA,,,,catalyst,speaker
1169,tallmar,,,,,,6,expert
1170,teddygroves,Denmark,DNK,Copenhagen,12.5700724,55.6867243,8,participant
1171,teresa-cisneros,United Kingdom,GBR,London,-0.14405508452768728,51.4893335,5,expert
1172,teresa-m,Germany,DEU,Freiburg,7.8494005,47.9960901,3,participant
1173,thatspacegirl,India,IND,Bengaluru,77.590082,12.9767936,4,participant
1174,thatspacegirl,India,IND,Bengaluru,77.590082,12.9767936,5,participant
1175,thessaly,United Kingdom,GBR,Bristol,-2.5972985,51.4538022,1,speaker
1176,thessaly,United Kingdom,GBR,Bristol,-2.5972985,51.4538022,2,expert
1177,thessaly,United Kingdom,GBR,Bristol,-2.5972985,51.4538022,2,speaker
1178,thessaly,United Kingdom,GBR,Bristol,-2.5972985,51.4538022,3,expert
1179,thessaly,United Kingdom,GBR,Bristol,-2.5972985,51.4538022,4,expert
1180,thomas-mboa,Cameroon,CMR,,,,3,speaker
1181,tklingstrom,Sweden,SWE,,,,2,expert
1182,tlaguna,Spain,ESP,Madrid,-3.7035825,40.4167047,2,participant
1183,tlaguna,Spain,ESP,Madrid,-3.7035825,40.4167047,3,mentor
1184,tnabtaf,United States,USA,,,,2,expert
1185,tnabtaf,United States,USA,,,,2,mentor
1186,tnabtaf,United States,USA,,,,4,expert
1187,tnabtaf,United States,USA,,,,4,mentor
1188,tobyhodges,Germany,DEU,Heidelberg,8.694724,49.4093582,1,mentor
1189,tobyhodges,Germany,DEU,Heidelberg,8.694724,49.4093582,2,expert
1190,tobyhodges,Germany,DEU,Heidelberg,8.694724,49.4093582,3,expert
1191,tobyhodges,Germany,DEU,Heidelberg,8.694724,49.4093582,3,mentor
1192,tobyhodges,Germany,DEU,Heidelberg,8.694724,49.4093582,3,mentor
1193,tobyhodges,Germany,DEU,Heidelberg,8.694724,49.4093582,6,expert
1194,tobyhodges,Germany,DEU,Heidelberg,8.694724,49.4093582,8,speaker
1195,tokioblues,Argentina,ARG,Salta,-64.3494964,-25.1076701,8,participant
1196,torigijzen,Netherlands,NLD,Amsterdam,4.8924534,52.3730796,8,participant
1197,trallard,United Kingdom,GBR,Manchester,-2.2451148,53.4794892,2,speaker
1198,trevor-hamlin,,,,,,8,participant
1199,tsonika,Australia,AUS,Melbourne,144.9631732,-37.8142454,2,expert
1200,tsonika,Australia,AUS,Melbourne,144.9631732,-37.8142454,2,mentor
1201,tsonika,Australia,AUS,Melbourne,144.9631732,-37.8142454,3,expert
1202,tsonika,Australia,AUS,Melbourne,144.9631732,-37.8142454,3,mentor
1203,ujwal-shrestha,Nepal,NPL,Kathmandu,85.3205817,27.708317,3,participant
1204,umutpajaro,Colombia,COL,Cartagena,-75.5443419,10.4266746,7,participant
1205,umutpajaro,Colombia,COL,Cartagena,-75.5443419,10.4266746,8,mentor
1206,unode,Germany,DEU,Heidelberg,8.694724,49.4093582,1,expert
1207,unode,Germany,DEU,Heidelberg,8.694724,49.4093582,1,mentor
1208,unode,Germany,DEU,Heidelberg,8.694724,49.4093582,1,participant
1209,unode,Germany,DEU,Heidelberg,8.694724,49.4093582,2,expert
1210,unode,Germany,DEU,Heidelberg,8.694724,49.4093582,2,mentor
1211,unode,Germany,DEU,Heidelberg,8.694724,49.4093582,2,speaker
1212,unode,Germany,DEU,Heidelberg,8.694724,49.4093582,3,expert
1213,unode,Germany,DEU,Heidelberg,8.694724,49.4093582,3,mentor
1214,unode,Germany,DEU,Heidelberg,8.694724,49.4093582,3,mentor
1215,unode,Germany,DEU,Heidelberg,8.694724,49.4093582,3,speaker
1216,unode,Germany,DEU,Heidelberg,8.694724,49.4093582,4,expert
1217,unode,Germany,DEU,Heidelberg,8.694724,49.4093582,4,mentor
1218,unode,Germany,DEU,Heidelberg,8.694724,49.4093582,5,mentor
1219,unode,Germany,DEU,Heidelberg,8.694724,49.4093582,5,speaker
1220,usmood,,,,,,6,participant
1221,valerie-parent,Canada,CAN,,,,2,participant
1222,varlottaang,Italy,ITA,Rionero In Vulture,15.6694407,40.9261881,7,participant
1223,vborghe,Canada,CAN,Montréal,-73.5698065,45.5031824,5,participant
1224,vcheplygina,Netherlands,NLD,,,,2,expert
1225,veroxgithub,Argentina,ARG,"Avellaneda, Pba.",-58.3628061,-34.6648394,5,participant
1226,veroxgithub,Argentina,ARG,"Avellaneda, Pba.",-58.3628061,-34.6648394,8,mentor
1227,vhellon,United Kingdom,GBR,London,-0.14405508452768728,51.4893335,5,participant
1228,vickygisel,Argentina,ARG,Oro Verde,-64.29891743033643,-31.132197599999998,5,participant
1229,vickynembaware,South Africa,ZAF,,,,1,expert
1230,vickynembaware,South Africa,ZAF,,,,1,mentor
1231,vickynembaware,South Africa,ZAF,,,,2,expert
1232,virginiagarciaalonso,Argentina,ARG,,,,8,participant
1233,vskentrou,Netherlands,NLD,Amsterdam,4.8924534,52.3730796,8,participant
1234,wasifarahman,Bangladesh,BGD,,,,2,participant
1235,web-learning,South Africa,ZAF,Johannesburg,28.049722,-26.205,8,participant
1236,wendy-andrews,,,,,,8,participant
1237,wykhuh,United States,USA,Los Angeles,-118.242766,34.0536909,4,participant
1238,xaxasm,Colombia,COL,Bucaramanga,-73.1047294009737,7.16698415,7,participant
1239,yanick-diapa-nana,Cameroon,CMR,Yaoundé,11.5213344,3.8689867,7,participant
1240,yhordijk,Netherlands,NLD,Amsterdam,4.8924534,52.3730796,8,participant
1241,ykho001,United Kingdom,GBR,,,,8,participant
1242,yochannah,United Kingdom,GBR,,,,1,organizer
1243,yochannah,United Kingdom,GBR,,,,1,mentor
1244,yochannah,United Kingdom,GBR,,,,1,speaker
1245,yochannah,United Kingdom,GBR,,,,1,speaker
1246,yochannah,United Kingdom,GBR,,,,1,speaker
1247,yochannah,United Kingdom,GBR,,,,2,expert
1248,yochannah,United Kingdom,GBR,,,,2,organizer
1249,yochannah,United Kingdom,GBR,,,,2,mentor
1250,yochannah,United Kingdom,GBR,,,,2,mentor
1251,yochannah,United Kingdom,GBR,,,,2,speaker
1252,yochannah,United Kingdom,GBR,,,,3,expert
1253,yochannah,United Kingdom,GBR,,,,3,organizer
1254,yochannah,United Kingdom,GBR,,,,3,mentor
1255,yochannah,United Kingdom,GBR,,,,3,mentor
1256,yochannah,United Kingdom,GBR,,,,3,mentor
1257,yochannah,United Kingdom,GBR,,,,3,speaker
1258,yochannah,United Kingdom,GBR,,,,3,speaker
1259,yochannah,United Kingdom,GBR,,,,4,organizer
1260,yochannah,United Kingdom,GBR,,,,4,mentor
1261,yochannah,United Kingdom,GBR,,,,4,speaker
1262,yochannah,United Kingdom,GBR,,,,4,speaker
1263,yochannah,United Kingdom,GBR,,,,5,organizer
1264,yochannah,United Kingdom,GBR,,,,5,mentor
1265,yochannah,United Kingdom,GBR,,,,5,mentor
1266,yochannah,United Kingdom,GBR,,,,5,speaker
1267,yochannah,United Kingdom,GBR,,,,5,speaker
1268,yochannah,United Kingdom,GBR,,,,5,speaker
1269,yochannah,United Kingdom,GBR,,,,6,organizer
1270,yochannah,United Kingdom,GBR,,,,6,mentor
1271,yochannah,United Kingdom,GBR,,,,6,speaker
1272,yochannah,United Kingdom,GBR,,,,6,speaker
1273,yochannah,United Kingdom,GBR,,,,6,speaker
1274,yochannah,United Kingdom,GBR,,,,6,speaker
1275,yochannah,United Kingdom,GBR,,,,6,speaker
1276,yochannah,United Kingdom,GBR,,,,7,organizer
1277,yochannah,United Kingdom,GBR,,,,7,mentor
1278,yochannah,United Kingdom,GBR,,,,7,mentor
1279,yochannah,United Kingdom,GBR,,,,7,speaker
1280,yochannah,United Kingdom,GBR,,,,7,speaker
1281,yochannah,United Kingdom,GBR,,,,8,organizer
1282,yochannah,United Kingdom,GBR,,,,8,speaker
1283,yochannah,United Kingdom,GBR,,,,8,speaker
1284,yochannah,United Kingdom,GBR,,,,8,speaker
1285,yochannah,United Kingdom,GBR,,,,8,speaker
1286,yochannah,United Kingdom,GBR,,,,catalyst,organizer
1287,yochannah,United Kingdom,GBR,,,,catalyst,speaker
1288,yochannah,United Kingdom,GBR,,,,catalyst,speaker
1289,yochannah,United Kingdom,GBR,,,,catalyst,speaker
1290,yochannah,United Kingdom,GBR,,,,catalyst,speaker
1291,yochannah,United Kingdom,GBR,,,,catalyst,speaker
1292,yochannah,United Kingdom,GBR,,,,dra,organizer
1293,yochannah,United Kingdom,GBR,,,,dra,speaker
1294,yvanlebras,France,FRA,Concarneau,-3.9223889,47.8757017,2,expert
1295,yvanlebras,France,FRA,Concarneau,-3.9223889,47.8757017,2,mentor
1296,yvanlebras,France,FRA,Concarneau,-3.9223889,47.8757017,2,mentor
1297,yvanlebras,France,FRA,Concarneau,-3.9223889,47.8757017,3,expert
1298,yvanlebras,France,FRA,Concarneau,-3.9223889,47.8757017,3,mentor
1299,yvanlebras,France,FRA,Concarneau,-3.9223889,47.8757017,4,mentor
1300,yvanlebras,France,FRA,Concarneau,-3.9223889,47.8757017,4,speaker
1301,zdunseth,United States,USA,Providence,-71.4128343,41.8239891,5,participant
1302,zebetus,United Kingdom,GBR,,,,1,mentor
1303,zebetus,United Kingdom,GBR,,,,2,expert
1304,zee-moz,,,,,,7,speaker
1305,zenita-milla-luthfiya,Indonesia,IDN,Solo,110.828448,-7.5692489,3,participant
1306,zulidyana-rusnalasari,Indonesia,IDN,,,,3,speaker
